频道ID,标题,描述,订阅数,观看数,国家,语言,邮箱,Topics,Audience,更新时间
UC4VPa7EOvObpyCRI4YKRQRw,Paul Barron Network,"The Paul Barron Network, led by the award-winning journalist, author, and technologist Paul Barron, aims to educate and inspire our audience about the future of blockchain, finance, business, and technology. Our focus spans Bitcoin, Blockchain, Crypto, and cutting-edge technologies. We envision a sustainable future where technology serves humanity for the better. Our platform dives into crypto and investment analysis, tech reviews, business insights, and interviews with key experts shaping our technology-driven future.

Explore Paul Barron's Private Group: https://www.paulbarronnetwork.com/store
Get Direct Access To Paul Barron Here: https://www.paulbarronnetwork.com/forge-membership

Partners Accepted Below",2110000,104825128,US,,,,,2025-12-24 04:48:26
UCbLhGKVY-bJPcawebgtNfbw,Altcoin Daily,"Subscribe to Altcoin Daily, the largest crypto community in the world!

We cover Bitcoin, Ethereum, Cardano, NFTs, altcoins, metaverse, mining, trading, investing, technology, Web3, & everything crypto related. Our personal goal is to use altcoins to stack more Bitcoin.

Altcoin Daily is run by brothers Aaron & Austin Arnold.

Videos are NOT offers to buy or sell securities. Videos are not 'buy' or 'sell' signals of any kind. ALL videos are for informational and entertainment purposes only. Investing and trading in cryptocurrencies is VERY RISKY.

At Altcoin Daily, we are NOT financial advisors and are strictly operating off of opinion and information found publicly online. Again: Our videos are NOT buy or sell signals. All investments you make are on you. 

🚨We will NEVER reach out to you on ANY platform (Telegram, YouTube, Gmail) for ANY opportunity. We do NOT solicit! Beware of scammers!

*The channel is not responsible for the performance of sponsors and affiliates",1660000,283883215,US,,,,,2025-12-24 04:48:26
UCKQvGU-qtjEthINeViNbn6A,Alex Becker's Channel,"DISCLAIMER: Please be advised that I am not a professional advisor in business areas involving finance, cryptocurrency, taxation, securities and commodities trading, or the practice of law. The information and content written, broadcasted, and/or disseminated by and through ""Alex Becker, Alex Becker Channel"" is intended FOR GENERAL INFORMATION PURPOSES ONLY. Nothing written or discussed is intended to be construed, or relied upon, as investment, financial, legal, regulatory, accounting, tax or similar advice, nor should it be. All content expressed, created, and conveyed by ""Alex Becker, Alex Becker Channel"" is premised upon subjective opinions pertaining to currently-existing facts readily available.",1600000,79791065,,,,,,2025-12-24 04:48:56
UCjemQfjaXAzA-95RKoy9n_g,Discover Crypto,"Discover Crypto is all about helping you find freedom through crypto and we do that every day by giving you relatable expert analysis on what is happening in the world of Bitcoin, Ethereum and Altcoins. It’s time to Discover Crypto.

DISCLAIMER: Please be advised that we are not professional advisors in business areas involving finance, cryptocurrency, taxation, securities and commodities trading, or the practice of law. The information and content written, broadcasted, and/or disseminated by and through ""Discover Crypto"" is intended FOR GENERAL INFORMATION PURPOSES ONLY. Nothing written or discussed is intended to be construed, or relied upon, as investment, financial, legal, regulatory, accounting, tax or similar advice, nor should it be. All content expressed, created, and conveyed by ""Discover Crypto"" is premised upon subjective opinions pertaining to currently-existing facts readily available. Some content may contain advertisements of third-party products or services.

",1400000,28451911,US,,,,,2025-12-21 05:03:41
UCN9Nj4tjXbVTLYWN0EKly_Q,Crypto Banter,"The world’s No.1 LIVE crypto streaming channel covering Bitcoin, market-moving and breaking news, the latest crypto stories, altcoin trends and interviews with crypto titans and billionaires.

Make sure you are also subscribed to our other channels!
",1180000,184470813,US,,,,,2025-12-21 05:03:39
UC0Ym7ckYtSsgcbZX1VvYMQQ,KManuS88,"Hola Soy Manu
Bienvenidos a mi canal donde transformarás tu forma de pensar el dinero.
Educación financiera, inversión y mentalidad para crear riqueza real. Aprende con análisis, estrategias y experiencias de alguien que ya recorrió el camino.",989000,206413640,AR,,,,,2025-12-24 04:50:52
UCRvqjQPSeaWn-uEx-w0XOIg,Benjamin Cowen,"You have just jumped into the cryptoverse, which provides high quality cryptocurrency education to those who want to dive deeper into the metrics that are driving the market. We all know that there are thousands of people/websites discussing cryptocurrencies, so what makes this different? Many sites discuss cryptocurrencies solely in the form of memes and catchy slogans. Analysis is typically limited to price and price predictions, rather than looking at metrics that drive the price. As an academic, I approach cryptocurrency from a practical perspective and use my science/engineering/programmatic background to package these metrics in an easily digestible way for the community. I try and keep a level head with my discussions and provide you information that is helpful to you as you research different coins.",969000,150690698,US,,,,,2025-12-24 04:48:26
UCI7M65p3A-D3P4v5qW8POxQ,CryptosRUs,The best place to get the latest news and alpha for Bitcoin and Crypto.,811000,210837804,US,,,,,2025-12-24 04:48:26
UC8oofAsuieQv3imZGvaUDOQ,Investidor 4.20,"O melhor lugar para aprender sobre como investir em Criptomoedas
Para mim, investir era só coisa de gente engravatada que tem muito dinheiro e fala bonito ...
Por isso esse canal tem a missão de provar o contrário compartilhando meu conhecimento para te ajudar a ganhar dinheiro e construir riqueza !",386000,28643665,BR,,,,,2025-12-24 04:50:52
UChzLnWVsl3puKQwc5PoO6Zg,BTC Sessions,"EVERYTHING BITCOIN. How to Get, Use, and Secure Bitcoin.
Weekly tutorials, news, and interviews.
https://www.btcsessions.ca
",385000,18655082,CA,,,,,2025-12-21 05:02:52
UCn_j_bZHFpbTTTADXUGAb7w,Advance Crypto Trader,"Never Risk More Than You Can Afford To Lose On A Single Trade🔥
 - - - - - - - - - - - - - - - - - - - - - - - -- - - - - - - - - - - - - - - - - - - - - - - - -- - - - - - - - -
MY NAME IS -- VIVEK YADAV 
- - - - - - - - - - - - - - - - - - - - - - - - - 

Business Enquiry - vy8081276426@gmail.com
",365000,24794757,IN,,vy8081276426@gmail.com,,,2025-12-21 05:01:00
UC1d4r4DzV_Buj1ykdq5DBZA,Universidade do Bitcoin,"✅Link da lista de espera para Sala de Day Trade - https://chat.whatsapp.com/DCpmUcBaGp9CU5RRCkMcZE

✅Link de cadastro na BingX - https://bingx.com/pt-br/partner/UniBTC/ 

✅Link da FORTEXCHANGE para compra e venda de USD -  https://fort.exchange/

✅Faça parte Gratuitamente da nossa comunidade exclusiva no Telegram - https://t.me/+hlnq4pDYPmlhY2Ux

",350000,21070775,BR,,,,,2025-12-21 05:03:34
UC7PL5GpOZFTjDAl9BSas0eA,Area Bitcoin,"A Area Bitcoin é uma escola de bitcoin. Neste canal você encontra conteúdos para te ajudar a entender tudo sobre o bitcoin: aulas gratuitas, primeiros passos para iniciantes, conteúdos técnicos, fundamentos, tutoriais, notícias sobre bitcoin e muito mais.

Quer mergulhar no Bitcoin? Conheça nossos cursos: www.areabitcoin.com.br
",343000,30437230,BR,,,,,2025-12-21 05:03:12
UCngIhBkikUe6e7tZTjpKK7Q,More Crypto Online,"This channel offers professional Elliott Wave and technical analysis on global markets, focusing cryptocurrencies and cryptocurrency related stocks. It aims to help viewers understand market structure, cycles, and key price levels through clear, educational insights.

Disclaimer 
The content provided on this channel is for informational and educational purposes only. It does not constitute financial advice, an offer or solicitation to buy or sell any financial instruments, or a financial service under applicable laws.
All analyses and opinions expressed are strictly personal views. You are solely responsible for your own investment decisions and act at your own risk. Always consider your individual risk profile and, if necessary, consult with an independent financial advisor.
Some of the links provided in this description may be affiliate links. If you choose to use them, MCO Global may receive a commission – at no additional cost to you. Thank you for supporting the channel.",317000,74416972,GB,,,,,2025-12-24 04:48:26
UC9X2f4pVXSNzsJ2c6ZQVqBQ,The Crypto Gateway - Investire in Criptovalute,"Questo canale tratta Bitcoin e le Criptovalute a 360°, allo scopo di imparare ad approcciarle in maniera consapevole e cauta.

NB: L’attività svolta su questo canale non costituisce prestazione di servizi di investimento, né offerta al pubblico di prodotti finanziari, né servizio di consulenza finanziaria, né sollecitazione al pubblico risparmio o investimento.
Bitcoin e le criptovalute sono prodotti ad alta volatilità e ad alto rischio. Accertati di comprenderli appieno prima di fare qualsiasi operazione.

Buona visione!",284000,38174517,IT,,,,,2025-12-21 05:03:46
UC-5HLi3buMzdxjdTdic3Aig,The Modern Investor,"Up to date daily info on the latest happenings in the cryptocurrency world. The goal is to make the crypto world a bit less confusing for everyone as they try to navigate the space. - As always, never forget to do your own research - 
https://linktr.ee/TMInvestor

SUBSCRIBE for New Videos - Daily Uploads!",255000,64770887,,,,,,2025-12-24 04:48:56
UCtOV5M-T3GcsJAq8QKaf0lg,Bitcoin Magazine,"Bitcoin Magazine is the oldest and most established source of news, information and expert commentary on Bitcoin, its underlying blockchain technology and the industry that has grown up around it. Since 2012, Bitcoin Magazine has provided analysis, research, education and thought leadership at the intersection of finance and technology.

Join us at Bitcoin MENA 2025 December 8-9 in Abu Dhabi: https://tickets.b.tc/event/bitcoin-mena-2025/l2Ic3gn21a
",254000,29059426,US,,,,,2025-12-21 05:02:57
UC3IiGGIgyHtaF_naQ0cOhxA,Bitcoin y Criptos,"Comparto información y educación entorno Bitcoin y el ecosistema de las Criptomonedas.

⚡️juanbiter@getalby.com

🔥Web: www.bitcoinycriptos.com
🔥Twitter: https://twitter.com/juanbiter
🔥Instagram: https://www.instagram.com/juanbiter/
🔥Telegram: https://t.me/juanbiter
🔥Correo: papabitcoinycriptos@gmail.com
🔥Correo: info@bitcoinycriptos.com",247000,27439620,CO,,"juanbiter@getalby.com, papabitcoinycriptos@gmail.com, info@bitcoinycriptos.com",,,2025-12-21 05:03:44
UCiciruB9iiUmKT8C6qk8T4w,Mercado Bitcoin,"A maior e mais segura plataforma para investir em ativos digitais do Brasil.

Do perfil conservador ao mais arrojado, o MB tem a confiança de mais de 4 milhões de clientes. 

São mais de 400 opções para você começar a investir com facilidade e segurança: bitcoin, ethereum, solana e muito mais. 

Além de criptomoedas, diversifique a sua carteira com Renda Fixa Digital para alavancar ainda mais os seus investimentos. 

Abra a sua conta grátis e comece: https://shre.ink/2Rvg 🤑💰

Descubra o seu perfil de investidor e receba um planejamento estratégico completo gratuito: https://shre.ink/2Rvs

Tem alguma dúvida e quer conversar com a equipe de atendimento do MB? Acesse: https://suporte.mercadobitcoin.com.br",243000,8034938,BR,,,,,2025-12-24 04:50:03
UCgY66N1YS_G9lYMvCQko6yw,Crypto World,"Welcome to the Crypto World, my name is Josh!
Subscribe for daily Bitcoin & Crypto videos covering news and price action.

OFFICIAL SOCIAL MEDIA:
► X (Twitter): @CryptoWorldJosh
► Instagram: @CryptoWorldJosh
(Any other social media account pretending to be me is a SCAM)

This channel is for educational and entertainment purposes only and is not financial advice. I am not a financial advisor. Trading can result in loss of funds. Individuals must consider all risks. All individuals are responsible for their own trades and investments. Crypto World, ""Josh"" and affiliates are not responsible for individual loss.",224000,26946965,AE,,,,,2025-12-24 04:48:56
UCEjgpiDPhTErrJm6zeNeAAw,The Bitcoin Express,"My name is Chase. Investing in crypto since 2017. 
",201000,19155441,US,,,,,2025-12-21 05:03:09
UCj7cny5FsrDD2AdLntePeiQ,Balraj Trading Tech,"Welcome to our channel -

""Balraj Trading Tech.."", Very happy to see you guys here.. 😊🙏🏻

We Are Price Action Trainer And We Daily Teach Price Action (Chart Reading) in live market Also we are Price Action Master & we are stocks investor for short term & Long Term👍👍👍

Fraud  Alert 🚨 - Balraj Trading Tech is not providing any paid services no call tips no paid groups no courses, we are pure price action Trainer we are providing Teaching of chart reading in Live Market on different charts so be alert from frauds ( Never go for telegram call and tips💡)

Just Press Subscribe Button for daily Learning 😊🙏🏻

Disclaimer -
This channel is created for educational purpose only, I am not Sebi Resgistered Analyst. Kindly contact your financial advisor for taking any trade or Any Investment. 

Thank you🙏


For Business enquiries-
balrajtradingtech@gmail.com",194000,7410063,IN,,balrajtradingtech@gmail.com,,,2025-12-21 05:02:21
UCazZozymAFpyrVHiZreOJOA,"Value Index | Bitcoin, Criptomonedas y Economía","¡Hola! Soy Jorge, Lcdo. en Gestión Estratégica de Empresas y actualmente estoy cursando una maestría en Finanzas.

En este canal, comparto análisis detallados sobre criptomonedas y eventos económicos clave. Mi objetivo es ayudarte a entender cómo las decisiones de las instituciones financieras influyen en los mercados y en nuestra vida cotidiana.

Hablamos sobre Bitcoin, Ethereum, Binance, Blockchain, DeFi y la revolución financiera que está transformando el mundo.

⚠️ Atención: Nunca te contactaremos por privado para ofrecer productos. Si alguien lo hace, es un estafador. Aquí tienes el único enlace oficial a nuestra comunidad en Telegram, TikTok e Instagram:

zaap.bio/valueindex
Telegram.me/valueindex",188000,13192152,HN,,,,,2025-12-24 04:49:26
UCBaU9NXRPjkLGgJy-M7RPCw,CryptoCred,Beginner-friendly crypto trading channel.,183000,3328346,GB,,,,,2025-12-21 05:01:56
UCefQC4Y-X9MBRuYBKc2waiQ,Fin_Tales,"L'actualité finance à chaud 🔥 vous retrouverez sur cette chaîne, 3x par semaine l'actu et son récap, des analyses patrimoniales et techniques.

DISCLAIMER : En aucun cas les messages délivrés sur la chaîne en vidéo ou dans la partie communautaire n'ont pour but ou vocation à être interprété sous forme de conseils ou d'incitation à l'investissement. 

Mail to 👉 youtube@fintales.fr",179000,11595792,FR,,youtube@fintales.fr,,,2025-12-21 05:03:49
UC-xEWFsiOcmUhcmofRV9Mdg,Luiz Fernando,"Fala Galera,

Como Vocês Estão...

 Meu nome é Luiz Fernando e sou Investidor Crypto
 Invisto em cryptomoedas a alguns anos.
 Quando me mudei para os estados unidos e me apaixonei pelo mercado crypto, investia no mercado brasileiro na B3, porém comecei a conhecer esse mundo de bitcoin, ethereum, protocolos DeFI, e me apaixonei.
Foi nesse momento que cai de cabeça nesse mercado e comecei a aplicar as melhores técnicas de investimentos mais conhecidas no mundo no mercado crypto, aplicado por grandes investidores. 

Esse canal é dedicado a todas pessoas que querem aprender mais sobre investimentos em cryptomoedas, e nele eu não faço qualquer recomendação de investimento, apenas falo das empresas que invisto, e explico os métodos usados para você conseguir cada vez mais aumentar seu patrimônio  e quem sabe assim conseguir viver desse mercado apenas gerenciando e aumentando seus investimentos.",169000,5605175,BR,,,,,2025-12-24 04:50:52
UC5kh_CumIL_usjg3pW5J9Qw,Crypto Le Trone,"Découvrez le monde des cryptomonnaies avec notre chaîne dédiée. Que vous soyez débutant ou expert, notre analyse crypto quotidienne vous guide dans le trading, l'investissement, et l'univers du Bitcoin et de l'Ethereum. Plongez avec nous dans le vaste marché des Altcoins pour dénicher les opportunités les plus prometteuses.

Chaque jour, nous vous tenons informés des tendances du marché sur Bitcoin (BTC) & Ethereum (ETH). Notre objectif est de vous offrir des prévisions éclairées pour vos opérations de trading crypto. Abonnez-vous pour rester à la pointe de l'actualité crypto.

Rejoignez notre communauté pour une expertise en crypto inégalée. Abonnez-vous dès maintenant pour une expérience enrichissante dans le monde de la blockchain et des cryptomonnaies

Exclusive BitGet Partner. 
Le contenu de cette chaine youtube s'adresse exclusivement aux francophones mais absolument pas aux français ou aux personnes qui résident en France.",169000,38131616,AE,,,,,2025-12-24 04:48:56
UCtD3W-FVyXgMb7Rjet6v0_A,Beanstock - Crypto & Stocks,"*Welcome to the official YouTube channel of Beanstock - Crypto & Stocks, Where financial wisdom meets insightful investment opportunities.*

With everything from beginner tips to expert picks, Beanstock is the go-to place for learning and mastering the world of investing. Our comprehensive analysis of the cryptocurrency and stock markets includes discussing global trends, dissecting important companies and innovative projects, and in-depth examinations of how current events influence market dynamics.

➡️ We also bring you closer to the beating heart of finance with exclusive interviews featuring project CEOs and key team members. This access allows you to hear directly from the innovators and decision-makers who are shaping the future of the financial world.

🎬 *Don’t forget to subscribe and hit the bell icon (🔔) to ensure you never miss out on our latest insights and analyses. Dive into our world of financial exploration and let's grow together.*

",166000,1312275,CA,,,,,2025-12-21 05:03:56
UC6HZwOxEexcq-5VZy0hTakg,La Mejor Estrategia Criptomonedas,"Bienvenidos a La Mejor Estrategia Criptomonedas. Un canal que se basa en la transparencia y en el trabajo duro para traer un contenido útil y de calidad. 

Contacto:  contacto@lmecripto.com
Telegram: @LMECripto",160000,15058337,PT,,contacto@lmecripto.com,,,2025-12-24 04:48:56
UCOaew10hdmtfa0MinTjOBqg,Crypto Kirby Trading,"Disclaimer: The content covered on this channel is NOT to be considered as investment advice. 
I’m NOT a financial adviser. These are only my own speculative opinions, ideas and theories/hypotheses on the market. 
The technical analysis on this channel is completely speculative and does NOT guarantee any specific result or profit. 
The technical analysis on this channel has NO proven rate of accuracy and past performance is NOT indicative of future results. 
Do NOT trade or invest based upon the analysis presented on this channel. Always do your own research and due diligence before investing or trading. I’ll never tell you what to do with your capital, trades or investments. I’ll also never recommend for you to buy, sell, long or short any asset, commodity, security, derivative or cryptocurrency related instrument as it's extremely HIGH RISK! You should always consult with a professional/licensed financial adviser before trading or investing in any cryptocurrency related product.",147000,8090717,,,,,,2025-12-21 05:01:45
UCuV9EB4I9L-xmRoaXd8tmuA,BitBoy X,Welcome to BitBoy X. Home of the BitSquad. The Highest IQ Crypto Community in all the interwebs. BITBOY IS BACK. Let's get it!,146000,17682220,US,,,,,2025-12-24 04:48:56
UCjQfmtuNPsHXVMhK74hFpog,投机实验室,"一个想躺着赚钱的交易员 😴💤

频道声明⚠️
1.本频道内容仅供娱乐，没有任何投资建议。
2.目前在YouTube / X / 哔哩哔哩 / 小红书 / 抖音 / 视频号 / 微博 / 知乎 / threads / 公众号 / Instagram / TikTok/ 同步发布内容。
3.课程是在Vimeo平台，链接在主页和置顶评论还有视频说明栏都有。
4.不会主动私聊各位，切勿上当。

有问题Twitter（X）或者邮箱联系我即可，我喜欢交朋友，Come on, baby ！！
",125000,6147490,JP,zh-CN,,,,2025-12-21 05:00:36
UCB6Q0S1gUHXMe5-Jjx0_laQ,Simply Bitcoin,"Keeping you up-to-date with the peaceful Bitcoin revolution.
",115000,37778990,US,,,,,2025-12-21 05:02:54
UCIUeus6e0aacfauLUrNG1dw,Crypto Minuto - Notícias cripto,"Notícias Cripto - 🚀 O futuro é cripto
🎥 Seu Canal de Notícias Cripto 
🔗 Assista agora ⬇️ | Ative as notificações 🔔
👇 Último Vídeo e Mais Conteúdo 👇
@cryptominuto #cryptominuto
www.youtube.com/cryptominuto
t.me/cryptominuto
t.me/cryptominutodao

Esse é um canal de informação e notícias cripto. Não confirmamos viés nenhum. A notícia simples, como ela é. 
Blockchain, Bitcoin, Cardano, Ethereum, XRP, Solana, Vechain, AXS, Binance, BNB, Polkadot, Chailink, polkadot, cripto, criptomoedas, criptos hoje, bitcoin hoje, btc hoje, etfs, notícias verdadeiras, cripto minuto, crypto minuto, criptominuto, etc

lightening:
⚡http://getalby.com/cryptominuto
⚡cryptominuto@getalby.com",106000,12122707,BR,,cryptominuto@getalby.com,,,2025-12-24 04:50:03
UCW0KvQNaBEC7B_xYA5AQsEA,ERIKA ESPINAL - Bitcoin y Criptomonedas,"Bienvenid@ a mi canal. Soy Erika Espinal, mentora estratégica en inversiones descentralizadas, con más de 7 años de experiencia en el mundo cripto y fundadora de Meta Expert: La mentoría estratégica cripto de alto nivel para personas con visión.

🎓 He formado a más de 3,200 alumnos en 15 países a través de mi academia Invest-E-Capital, ayudándolos a invertir con claridad, estrategia y resultados reales.

Aquí aprenderás cómo construir libertad financiera en el nuevo sistema financiero, sin complicaciones técnicas ni promesas vacías.

🎯 En este canal encontrarás:
• Cómo empezar en cripto paso a paso
• Estrategias DeFi, staking y portafolios inteligentes
• Análisis de oportunidades reales en el mercado
• Mentalidad financiera y errores que debes evitar

Si estás listo(a) para dejar de improvisar y empezar a invertir con estrategia… este canal es para ti.

🔔 ¡Suscríbete y activa la campanita!
📩 Contacto: erikaespinal@invest-e-capital.com",106000,5256601,DO,,erikaespinal@invest-e-capital.com,,,2025-12-24 04:48:56
UC4DBbWZ3S16HxxgCLI5saAA,Crypto Mercados y Pymes,"Noticias de interés sobre el mercados en general, el mercado de las criptomonedas y en particular sobre Bitcoin, y altcoins.
Si quieres recibir un correo diario sobre actualidad del mercado financiero y cripto, suscríbete a la Newsletter en este enlace: 
https://www.cryptomercadosypymes.com/
Es gratis y puedes darte de baja cuando quieras.",105000,5480980,ES,es,,,,2025-12-24 04:50:03
UCGYloJKPCApenWF-mvlt2Gg,Crypto Trading Club,"👇join club👇




The information presented on this channel is for general informational purposes only and should not be considered as financial advice. Viewers are encouraged to conduct their own analysis and research before making any investment decisions. The content provided reflects the personal opinion of the creator and should not be construed as a recommendation or endorsement. The creator and the channel do not assume any responsibility for the accuracy or completeness of the information. Trading and investing involve risks, and viewers should consult with a qualified financial advisor before taking any action. The creator and the channel shall not be held liable for any losses, damages, or expenses incurred as a result of the information presented. Viewers are solely responsible for their own investment decisions and actions.
",104000,166507,MT,,,,,2025-12-21 05:02:08
UCCegl13nmUvxUKMJqng1S-A,Kicom,"Bitcoin, tech, skepse a zdravý rozum. ",102000,20345608,CZ,,,,,2025-12-21 05:03:51
UCbYEDy7bIknUPwpZdHDpPww,Orlando on Crypto,Prepare-se para o último movimento de alta de cripto comigo,101000,8682537,BR,,,,,2025-12-24 04:50:03
UCPPELbQ_VE1qsouLA8DnR2A,Crypto Vic,➠ How-To Crypto ➠ Strategy Guides ➠ Industry News,97100,16522698,CA,,,,,2025-12-24 04:48:26
UC6rYoXJ_3BbPyWx_GQDDRRQ,Ethereum,"Ethereum is an open-source blockchain platform that enables anyone to create smart contracts, decentralized autonomous organizations (DAOs), decentralized finance (DeFi) applications and other decentralized applications (dApps) with a focus on security, transparency, and censorship resistance.",84100,5330443,,,,,,2025-12-24 04:48:26
UCyzDtZVP6Rlb-Yg3R5rY8Pg,Crypto Daily Trade Signals,"Sharing  the latest Dogecoin, Shiba Inu,Terra Luna Classic, Ethereum, Bitcoin news stories that will impact, cryptocurrency investing and impact you. 

We present the information in a no nonsense way so that Cryptocurrency beginners can understand and take those steps!  

DISCLAIMER: Please be advised that I am not a professional advisor in business areas involving finance, cryptocurrency, taxation, securities and commodities trading, or the practice of law. The information and content written, broadcasted, and/or disseminated by and through ""Crypto Daily Trade Signals"" is intended FOR GENERAL INFORMATION PURPOSES ONLY. Nothing written or discussed is intended to be construed, or relied upon, as investment, financial, legal, regulatory, accounting, tax or similar advice, nor should it be. All content expressed, created, and conveyed by ""Daily Crypto Trade Signals"" is premised upon subjective opinions.

",83400,16079563,US,,,,,2025-12-21 05:00:58
UC_sdlVY9C6gi8w0S9nDGIxg,Crypto Gorilla,"Crypto education made simple. I cover airdrops, NFTs, memecoins, DeFi, and on-chain trading strategies to help you understand the tools, trends, and opportunities shaping Web3. Learn how to trade smarter, find alpha early, and stay ahead in crypto.",74000,3128078,CA,,,,,2025-12-21 05:04:21
UCNOfzGXD_C9YMYmnefmPH0g,Ethereum Foundation,"We’re the Ethereum Foundation, a non-profit supporting the Ethereum community and network, a decentralized technology for building a more open, human-centric internet.

Here you’ll find clear, approachable intros and deep-dive technical explainers. Most videos come from our global gatherings, Devcon and Devconnect, the largest Ethereum events worldwide.

Next up: Devcon 8 → Mumbai, India, Q4 2026
→ devcon.org

Continue learning Ethereum: ethereum.org

Important Notice:
We do not run giveaways or investment schemes. Beware of scams impersonating the Ethereum Foundation or our channel. Please help by reporting suspicious activity.",72000,3864233,CH,,,,,2025-12-24 04:48:26
UCNwFbLkeCiRtdDccmBsEw3w,Mercado Cripto,"Mercado Crypto es un canal de Youtube orientado a hacer divulgación de calidad sobre las monedas criptográficas en sus facetas social, económica, política y tecnológica.

For Business requirements, you can write us at : 

Email: mercado.cripto.marketing@gmail.com

Main Telegram: @Mercado_Cripto , @Mercado_Cripto_Admin
 
Telegram Team  : @Mercado_Cripto_marketing ,  @Mercado_Admin , @Mercado_Admin1 , @Mercado_Admin2 , @Mercado_Admin3 , @Mercado_Admin4 , @Mercado_Cripto1, @Mercado_Cripto2 ,@Mercado_Cripto3, @Mercado_Cripto4  , @Mercado_Admin8 , @Mercado_Admin9
Twitter : @Mercadocripto20",63000,1964295,ES,,mercado.cripto.marketing@gmail.com,,,2025-12-24 04:50:03
UCubuFNUSGnR2r2MkAiZGRiQ,Profit First,"Hello Guys,
Our channel name profit first ( PROFIT FIRST )
#profitfirst 

We are provide cryptocurrency trading technical analysis, trading learning and fundamental analysis. Free earning Application Reviews.
Please Subscribe me on YouTube and learn more trading tutorial for beginners in a very simple way and Totally free of Cost.

For any business enquiries Contact - profitfirstsponsor@gmail.com",62800,6435300,IN,,profitfirstsponsor@gmail.com,,,2025-12-24 04:48:56
UCvpBW2wOeJxGiYTABnrinhA,Cheeky Crypto Trading,"If you SUBSCRIBE, you'll get daily analysis on the Bitcoin and crypto market. Don't miss out!

Our channel focuses on Bitcoin news and Bitcoin price. Everyday we cover Bitcoin technical analysis that is suitable even for beginners, we go through daily BTC news & crypto news, and we also do altcoin cryptocurrency analysis. Fundamental analysis and technical analyses are equally vital, so we incorporate both in the daily videos and live shows. I believe cryptocurrencies, like Bitcoin, are going to change the world. That´s why we buy Bitcoin & Altcoins alike. Subscribe and be a part of this amazing financial revolution!  
 
The content, opinions and other information on this channel are intended for general information and entertainment purposes only and is not to be construed as professional or financial advice. Information in the videos is solely the opinion of the speaker who is not a financial advisor nor a firm. By accessing this channel, you acknowledge and agree to these terms.
",56900,29710,GB,tr,,,,2025-12-21 05:01:25
UCA7iRrJPes837MHe-KeIjFA,CRYPTO WOLFPACK,Self-made millionaire helping you become one too.,50700,727834,CA,,,,,2025-12-24 04:48:26
UCJxAyxYsOkDfqGS2grzPQog,Criptomonedas EU,"Nuestro canal esta relacionado con toda la actualidad del mundo de las Criptomonedas y de las ICO. Tratando los mejores proyectos y las noticias mas importantes.
Podéis poneros en contacto con nosotros mandando un email a : 

Cassio

✅ info@criptomonedas.eu  ✅",47400,2629713,ES,,info@criptomonedas.eu,,,2025-12-24 04:49:26
UCQFJHeP9y6QzazIAZxIC3kw,BITCOIN HOTEL,"Auf meinemKanal sprechen wir über Bitcoin und haben regelmäßig spannende Gäste zu Besuch!

Bitcoin ist mehr als nur ein Investment, es ist ein Tool um Menschen zu Ermächtigen und in ihre eigene Kraft zu bringen ! Genau darum geht‘s bei uns 👍

email: Marc.Guilliard@hotel-princess.de

Impressum:
BITCOIN HOTEL LLC
Marc Guilliard
3833 Powerline RD STE 201
FT LAUDERDALE, FL 33309
",44400,27815887,DE,de,Marc.Guilliard@hotel-princess.de,,,2025-12-21 05:04:13
UCCWwzB59OcBVO_Ci8DB67nw,"Adrián Fernández - Mercados, Trading, Cripto","Análisis de mercados, trading y criptos, con más de 5 años de experiencia en el sector, no tengo la receta mágica del éxito pero conozco de sobra los errores que debes evitar en tu camino por los mercados. Aprender a leer gráficas, interpretar el mercado, diseñar estrategias y tomar las decisiones más eficientes como inversor.",39100,2335031,ES,,,,,2025-12-24 04:50:03
UCnetr7yb2EybGR5OrYWNgWw,Educación Financiera y Criptomonedas,"Hazte miembro del canal, VIDEOS exclusivos y CURSOS de FORMACION.
A que esperas Unete a https://youtube.com/channel/UCnetr7yb2EybGR5OrYWNgWw/join

Canal educativo de youtube dedicado a las #criptomonedas #Bitcoin #Ethereum. Si quieres introducirte en este maravilloso mundo tu mejor inversión tiene que ser educarte primero para actuar después. En este canal de youtube encontrarás videos sobre monedas digitales, desarrollos técnicos y análisis técnico, es un canal de vídeos cortos donde explicamos los conceptos sobre instrumentos, proyectos y empresas reales. Pensamos que fomentar la educación es crítico a la hora desarrollar mejores personas.

For Advertising and promotional offers :
Email: tallerdeinversion@gmail.com
Telegram: @EducacionFinancieraCriptomonedas

Marketing Vectors — The main agency powering this channel’s crypto growth
🌐 Website: https://www.marketingvectors.com
📩 Direct agency contact: contact@marketingvectors.com
🔒 VIP chat: https://t.me/merouane_marketingvectors",38800,5225184,ES,,"tallerdeinversion@gmail.com, contact@marketingvectors.com",,,2025-12-24 04:49:26
UC53YzVbeORAYIlSO7ewutYg,Ethereum US,"Ethereum is a decentralized, open-source blockchain with smart contract functionality. Ether is the native cryptocurrency of the platform. Among cryptocurrencies, ether is second only to bitcoin in market capitalization.

Ethereum was conceived in 2013 by programmer Vitalik Buterin. Additional founders of Ethereum included Gavin Wood, Charles Hoskinson, Anthony Di Iorio and Joseph Lubin.[6] In 2014, development work began and was crowdfunded, and the network went live on 30 July 2015. Ethereum allows anyone to deploy permanent and immutable decentralized applications onto it, with which users can interact.[8] Decentralized finance (DeFi) applications provide a broad array of financial services without the need for typical financial intermediaries like brokerages, exchanges, or banks, such as allowing cryptocurrency users to borrow against their holdings or lend them out for interest.",38500,376,US,,,,,2025-12-24 04:48:56
UCpp2ezQjpSQPCEx9vGd8-Nw,Zaki on Bitcoin,"مرحبًا بكم في قناتنا! إذا كنت تبحث عن مصدر شامل وممتع لفهم عالم العملات الرقمية (العملات الرقمية، البيتكوين، التمويل اللامركزي DeFi، مشاريع الذكاء الاصطناعي AI، مشاريع GameFi، عملات الميم، airdrops) وكل ما يتعلق بالكريبتو، فأنت في المكان الصحيح!

نقدم لكم محتوى ثري ومتنوع يشمل:
	•	شرح المشاريع الجديدة: من تقنيات الذكاء الاصطناعي إلى GameFi ومشاريع عملات الميم.
	•	تحليل السوق: تغطية أهم الأخبار والتحليلات في عالم العملات الرقمية.
	•	دروس تعليمية: كيفية الاستثمار وفتح حسابات على أشهر المنصات.
	•	فرص جديدة: استكشاف الأيردروب والمشاريع الناشئة الواعدة.
	•	نصائح للمبتدئين والمحترفين: طرق التعامل بحكمة وتقليل المخاطر.

مع خبرة تتجاوز 8 سنوات في سوق العملات الرقمية، نهدف إلى تبسيط المفاهيم ومساعدتك على اتخاذ قرارات مالية واعية. اشترك الآن وانضم إلى مجتمعنا المتنامي لتكون على اطلاع دائم بأحدث الاتجاهات! 🚀
",38300,2136377,SA,en,,,,2025-12-21 05:04:16
UCrNWJnSxwsAAsqy8arCTLrQ,Canal Mercado Cripto,"""ADM"" | canalmercadocripto@protonmail.com",37200,3154616,BR,,canalmercadocripto@protonmail.com,,,2025-12-24 04:50:03
UC2aM2gVVEHTu0pfE1ZyA0BQ,Bitcoin Not Crypto,"Bitcoin not crypto is a show that dives into what bitcoin is and how it can change the world for the positive. I also want to explore other crypto projects and show how they either don't compete with the potential of bitcoin, are vaporware, or straight up scams.

",36900,1601457,CA,,,,,2025-12-21 05:03:04
UCnq_SR0vRPYjedeYWWdWjIg,Crypto For Canadians,"Learn crypto in Canada | Simple guides for beginners
",32900,3846080,CA,,,,,2025-12-21 05:03:59
UCzfzfqgsn49x90p56VsSXEw,Leonardo Vera - Bitcoin y Criptomonedas,,31200,1436215,CL,,,,,2025-12-24 04:49:26
UCGUi8e21DGy9YzbkRs1cxTQ,Krypto Trading & Investing,"Hi,
Seit nunmehr gut 3 Jahren besteht der Kanal und ich freue mich, hier meine Leidenschaft des Tradings an dich weitergeben zu können. Charts sind und bleiben das Maß aller Dinge beim traden, es fasziniert mich jeden Tag aufs neue immer wieder was entdecken zu können oder neue Charts zu bearbeiten.

Zu Mir 
Mario Klein 
Alter 41
Beruf: Profitrader
Erfahrung 25 Jahre
Mit 13 die ersten Aktien gekauft und dann hat es mich nicht mehr losgelassen, erste Unternehmensgründung 2007


Disclaimer: Keine Anlageberatung im Sinne des WpHG
Sämtliche Inhalte dienen einzig der Information und Unterhaltung und spiegeln ausschließlich meine subjektive, persönliche Meinung wider. Zuschauer sind ausdrücklich aufgefordert, sich zu den Inhalten eine eigene Meinung zu bilden und ggf. professionelle Beratung aufzusuchen. Mit den Sternchen (*) gekennzeichneten Links unterstützt du diesen Kanal.

",30300,13443574,DE,,,,,2025-12-21 05:00:50
UCbK6Awel1-o-9JDVMFq808Q,CriptoMonedas TV,"Bitcoin, CriptoMonedas, Activos Digitales y Oportunidades de Inversión en proyectos de Tecnología Financiera en Español.

🔊 Versión audio #podcast disponible en: Anchor https://anchor.fm/criptomonedastv

Aprende los fundamentos de #Bitcoin. Mini #curso 💯% Gratis. Es así de simple (como debería ser). https://QueEsBitcoin.co

Síguenos también en:
Twitch: https://www.twitch.tv/criptomonedastv
Periscope: https://www.periscope.tv/CriptoMonedasTV
Minds https://www.minds.com/criptomonedastv?referrer=criptomonedastv
Telegram: https://t.me/criptomonedastvcom
LBRY: https://lbry.tv/$/invite/CwjMVs6xzKY4pVZnPt4vQ6jiDdKtNe7u
Bitchute https://www.bitchute.com/channel/a0wO4KeEFcuo/
3Speak https://3speak.online/user/criptomonedastv


Guarda tus Bitcoins de forma segura:
Trezor - http://criptomonedastv.com/ir/trezor
Ledger Nano - http://criptomonedastv.com/ir/ledgernano
KeepKey - http://criptomonedastv.com/ir/keepkey

Más recursos útiles en: http://criptomonedastv.com/recursos",29800,2596361,US,,,,,2025-12-24 04:48:56
UCQN2wjWxpMdDeaz7_El1nxg,Crypto Wave Trading,"🎯 Le but de cette chaîne est de vous faire découvrir le Wave Trading, une méthode de trading claire, efficace et adaptée à tous les marchés financiers : Forex, crypto, indices et actions.

📊 Chaque semaine, je partage mes analyses du marché afin que vous puissiez constater par vous-même l’efficacité de cette approche. Vous y trouverez également des conseils pratiques pour mieux lire la structure du marché, anticiper les mouvements et obtenir un véritable avantage compétitif.

👉 Abonnez-vous et regardez les vidéos pour découvrir comment le Wave Trading peut transformer votre vision du marché et booster votre trading !

Vous pouvez me contacter à l'adresse suivante: contact@wave-trading.fr
Ou sur mon site web: https://wave-trading.fr",29800,2990806,FR,,contact@wave-trading.fr,,,2025-12-21 05:01:38
UCph2LaC07vMw0KC1xher21g,Yash Gupta | Crypto Trader,"✅ Crypto Trading | Psychology | Analysis

I'm a Crypto Trader and Entrepreneur with a passion for success and innovation.

As the Co-Founder of @AspireNowGlobal, I'm committed to helping others reach their aspirations and achieve financial empowerment. You'll find valuable insights, strategies, and inspiration here that can transform your approach to crypto trading and entrepreneurship.
",28700,1205057,IN,,,,,2025-12-21 05:02:16
UCv1tfHWy6Uccx39H81ysNWw,Everything Crypto,"Hello ladies and gentlemen and welcome to the Everything Crypto YouTube Channel, where we talk about the latest and most important news moving the crypto market. On this channel you can expect crypto news videos, project deep dives, altcoin price predictions, & more! If I can help even one person with the content on this channel I will feel incredibly humbled and accomplished. 

DISCLAIMER: I AM NOT A FINANCIAL ADVISOR. THIS IS NOT FINANCIAL ADVICE. PLEASE INVEST WISELY AND DO NOT RISK MONEY YOU WILL NEED IN THE IMMEDIATE FUTURE. 

ALSO PLEASE WATCH OUT FOR BOTS AND SCAMS IN THE COMMENT. STAY SAFE OUT THERE, I LOVE AND APPRECIATE YOU ALL ❤️. 

For any partnerships/inquiries: frankiesfinance@gmail.com",27100,3546942,CA,,frankiesfinance@gmail.com,,,2025-12-24 04:48:26
UCvCp6vKY5jDr87htKH6hgDA,The Daily Gwei,"The Daily Gwei ecosystem provides education, tools and resources to keep you in the loop with everything happening in the Ethereum ecosystem - hosted by Anthony Sassano.

Subscribe to the newsletter: https://thedailygwei.substack.com/

Follow Anthony Sassano on Twitter: https://twitter.com/sassal0x

Follow The Daily Gwei on Twitter: https://twitter.com/thedailygwei

Join the Discord: https://discord.gg/Uz9Wh9sBSd",25300,5337869,AU,,,,,2025-12-24 04:48:26
UC5cVX9vHj1lOstTOt2d4DcQ,Bernardo Garcia Criptomonedas,,24500,1786576,ES,,,,,2025-12-24 04:50:03
UC0Y5CcJjX5zobvIDkHzMrUg,Sharif Crypto Community,"Welcome to my YouTube channel, where I share my expertise in the world of crypto trading. As a seasoned crypto trading expert, I have years of experience in trading and analyzing the market trends. My goal is to provide you with the best trading signals and strategies to help you succeed in this exciting industry.

On my channel, you will find insightful analysis and commentary on the latest trends in the crypto market. Whether you're a seasoned trader or just starting out, my videos are designed to help you make informed decisions about your investments.

I specialize in providing spot, future, and pump signals to help you maximize your profits. With my extensive knowledge of the market, I can help you navigate the complex world of crypto trading and achieve your financial goals.

You can contact me via email at szada62@gmail.com or by phone at 03472903092. You can also join my Telegram channel at https://t.me/Sharifcryptocommunity for regular updates and analysis.

Thank you 



",21500,1730017,PK,,szada62@gmail.com,,,2025-12-21 05:00:29
UCIvflUpuHqq64NI1RyY9RCw,Bitcoin Trend & Forecast,"What is BitcoinTAF.com?

Since 2016 Bitcoin Trend and Forecast has been one of the most trusted sources for thousands of traders who look to us to provide training, technical data, and fundamental research at every skill level. Whether you are a novice in need of some technical training or an accomplished trader looking to add that extra edge to your portfolio Bitcoin Trend and Forecast has a product designed to help you achieve your trading, mindset and strategic goals.

Join us on Telegram here https://t.me/BitcoinTrendandForecast

Industry Leaders.
Trusted by thousands of members globally.
Unbiased, transparent trade strategies.",21200,2419093,US,,,,,2025-12-24 04:48:26
UCqUsV9YOCFTP8_kvBLk0K1A,Pain of Crypto,"DeAI Advisor

I am the course",19500,957615,,,,,,2025-12-24 04:48:26
UCIqJoK4MJvTNO0w0MiZshTw,Ethereum US,,18100,147,BR,pt,,,,2025-12-24 04:48:56
UCU5EEzZu6-U8OmaZJezSk8A,Cripto Investimentos,"Marcelo Xavier
Analista de Sistemas e professor de Educação Física
Canal voltado a assuntos relacionados ao mercado das criptomoedas.
Analista do mercado cripto desde 2015
Contato: criptobtctrade@gmail.com",17100,2235651,BR,,criptobtctrade@gmail.com,,,2025-12-24 04:50:52
UC-ot08GxcUEI97PAE77mlHw,Cripto Duo (CryptoDuo),"Apaixonado por Criptomoedas.
Aqui é o lugar certo para ficar por dentro do mundo das criptomoedas. Meu canal traz análises profundas e superficiais das diversas criptomoedas com bastante informação, explicando suas funcionalidades e benefícios. Também discutimos sobre as melhores oportunidades de investimentos e segurança digital para proteger suas carteiras e investimentos.",14700,790029,US,,,,,2025-12-24 04:50:52
UCIAQ3_P3kwt2hld-dwyw6aw,Gabriel Bearlz,"Nessa imensidão de (des)informação sobre o mercado cripto, eu quero te ensinar a investir do jeito certo.",13600,770422,BR,,,,,2025-12-24 04:50:52
UCxtRXmwJHOfm_ur5wNFns4g,Pinoy Crypto Trader,"Pinoy Crypto Trader is a channel that discusses all about crypto trading and investing.

Disclaimer:

NO FINANCIAL ADVICE - The information provided in this Channel/Video is NOT A FINANCIAL ADVICE but for education and informational purposes only, without any express or implied warranty of any kind, including warranties of accuracy, completeness, or fitness for any particular purpose.

The information contained or provided in this Channel/Video is not intended to be and does not constitute financial advice, investment advice, trading advice or any other advice relating to financial matters.

The information on this Channel/Video is general in nature and it is not specific to you or anyone else. You should not make decisions, financial, investment, trading or otherwise based on any of the information presented on this Channel/Video without undertaking independent due diligence and consultation with a professional broker or financial advisory.

",13400,3146443,PH,,,,,2025-12-21 05:02:39
UC5pVBhWyT36vFo0xzf-f_rA,Ethereum [ETH],,12800,8507486,VN,,,,,2025-12-24 04:48:56
UC9OvBPxYhcoL3D5e42TOy_A,Crypto Live Trading,"Welcome to my YouTube channel, Crypto Live Trading!

My name is Bilal and I am a crypto and forex trading expert with over 6 years of experience. 

I created this channel to share my passion for trading with the world. You will find daily live streams where I discuss the latest market trends and analysis in cryptocurrencies and forex trading. Not only that, but I also provide 80% accurate signals on my live streams for free!

I also upload informative and educational videos about crypto and forex trading regularly. Beginners will learn the basics of trading from these videos, while experienced traders will refine their strategies.

So if you're interested in crypto and forex trading, hit that subscribe button and join the Crypto Live Trading community today!
 
Get ready to level up your trading game with me. Let's trade together and make some profits!

Note: This information is provided for your knowledge only. It does not constitute financial or business advice. 
",12100,2111110,PK,,,,,2025-12-21 05:02:06
UCBbjAhi-qFmJQMnS6iXEFmw,Cryptohopper - Automated Crypto Trading Platform,"Cryptohopper is the world’s most customizable automated crypto trading bot. 

Configure your bot and let it run and trade according to your strategy while you focus on the important things in life.
Investing in cryptocurrencies has never been easier.

Create an account and get a free 7-day trial. Subscribe now at:  https://www.cryptohopper.com/?atid=1072

Download the Cryptohopper app here:

Google Play Store: https://play.google.com/store/apps/details?id=com.cryptohopper_mobile

Apple Store: https://apps.apple.com/app/cryptohopper-crypto-trading/id1463052050
",12000,902029,NL,,,,,2025-12-21 05:01:43
UC7AmN3TnA41FvCJK4q2xOfQ,Crypto Trading with LTP Calculator,"Learn the art of Crypto Analysis with the help of LTP Calculator. Watch daily live market analysis to understand the whole concept practically.
This channel is based on analyzing Crypto Market technically with the help of Option Chain. 


",11900,692524,IN,,,,,2025-12-21 05:01:12
UC71KuGflEL1Huu0D1Zrt3GA,ORACLE CRYPTO TRADER," 🔥 Enter the Oracle Crypto Legend Hub — real trading education, exchange access, and insider strategies. No complex TA or endless chart-watching — avoid liquidations and win more with the Oracle Protocol. 👉 https://linktr.ee/oraclefastmoneytrader 

Education-based and demonstration-based trading only. ⚠️ DISCLAIMER For educational and demonstration purposes only. This content is not financial advice and involves high-risk leverage trading that can result in loss of capital. I may earn small affiliate commissions if you choose to use some links. Follow all laws and regulations in your jurisdiction.

Email TEAMUS_ORACLE@PROTONMAIL.COM

#
",11300,96944,US,,TEAMUS_ORACLE@PROTONMAIL.COM,,,2025-12-21 05:02:01
UCmDZ0qO_HVp2Uh0k_MaOlzg,MIT Bitcoin Club,,11100,472786,,,,,,2025-12-21 05:03:17
UCfwmydsH1WCqL_k8p13p8DA,Detector de criptomonedas,"Juegos crypto para ganar dinero jugando, dividendos y más...",11000,847963,BO,,,,,2025-12-24 04:49:26
UCSoWt-9zOH6DcOkCX7ClfXw,Burel - Criptomonedas,"¡Bienvenido a mi canal! Aquí encontrarás contenido fascinante sobre blockchain, criptomonedas, tecnología, inversiones y codificación. Exploraremos juntos el emocionante mundo de las criptomonedas y cómo la tecnología blockchain está transformando diversos sectores. Además, te brindaré consejos e información valiosa sobre inversiones en criptomonedas, así como tutoriales y guías de codificación para que puedas adentrarte en el desarrollo de aplicaciones blockchain. Únete a esta comunidad apasionada por la tecnología y las oportunidades que nos brinda el mundo digital. ¡Suscríbete para no perderte ninguna novedad!",10700,86581,MX,,,,,2025-12-24 04:49:26
UCcmDweQNlhx0ltLDqQgGgPg,"Alex Doyon | Crypto, Trading, Investir","Je t’aide à gagner de l’argent avec les cryptos, que tu sois débutant ou déjà investi. Ici, tu apprendras à investir intelligemment, trader efficacement et maximiser tes profits grâce aux meilleures stratégies. Tout pour t’aider à atteindre la liberté financière avec la crypto ! Abonne-toi et commence à transformer ton avenir dès aujourd’hui. 🔥📈""",8630,642841,CA,,,,,2025-12-21 05:00:55
UCJTCwiUshCuURFYy4NBPDTg,Opções de Cripto,Primeiro canal do Brasil especializado em Opções de Criptomoedas.,8530,250195,BR,,,,,2025-12-24 04:50:03
UCrE6fdIcbaXkSNHjL-VlPqg,Bitcoin Basics,"Bitcoin Basics is the FIRST Bitcoin-only animated entertainment channel on YouTube

📧 For business inquiries, email info.bitcoinbasics@gmail.com
🔗 Follow on X https://twitter.com/BitcoinBasicsYT",8480,503315,CA,,info.bitcoinbasics@gmail.com,,,2025-12-24 04:48:26
UCmCsTiFM-1ccg04qTJYzAQw,Fred Vélez | Criptomonedas & finanzas,"Bienvenido al canal de Fred Velez CriptoMonedas y finanzas 🚀
Aquí aprenderás sobre criptomonedas, inversiones, blockchain y el futuro de las finanzas digitales.

💰 Análisis, noticias y educación para que tomes mejores decisiones financieras.

📅 Nuevos videos cada semana",8350,2325761,CO,,,,,2025-12-24 04:49:26
UCWW1G0MZDSKJ86PTNA101bQ,Crypto Moose,"Crypto Moose: Your Crypto and NFT Learning Hub! 

Welcome to Crypto Moose, the best Canadian channel for Crypto and NFT Education.

Why Crypto Moose?
We cover Bitcoin, Ethereum, Cardano, and major blockchains. Get the latest Cardano news, Bitcoin updates, and insights on top projects.

What We Offer:
Token Deep Dives: Explore Cardano tokens like NIGHT & RISE.
Expert Tutorials: Learn to set up wallets, buy, sell, trade, and store assets securely.
Security Tips: Discover the best hardware wallets, including Tangem and Trezor.
Interviews: Enjoy in-depth interviews with leading CEOs in the crypto space.

Join the Moose Community:
Subscribe for the latest updates and investment strategies. Visit our Link Tree!

The Moose is Loose!

#Crypto #NFT #Blockchain #Cardano #Bitcoin #Ethereum #CryptoEducation #CryptoNews #CryptoInvesting #CryptoTrading #CryptoWallet #DigitalAssets #CanadianCrypto #COPI #Tangem #Trezor #CryptoSecurity #CryptoMoose #CryptoTutorials #CryptoCommunity #money #invest 
",8150,824423,CA,,,,,2025-12-21 05:04:19
UCtUhaZ_O7UWx22XbOtluP_A,Archivo Cripto,Aprende cripto responsablemente.,7700,569931,UY,,,,,2025-12-24 04:50:03
UCPbGbotWfmquwoqsEujjwbQ,Bitcoin Trading,"Write For Us on Medium and Make Money
 
",7150,24688,CA,,,,,2025-12-21 05:04:03
UCo6nHGL9XaFL1IRL2mlo-Ag,BittraderX,"Bienvenido a BittraderX, tu nuevo canal de confianza para entender, analizar y aprovechar al máximo el mundo de las criptomonedas. Aquí encontrarás contenido claro, directo y actualizado para todos los niveles:

📈 Análisis técnico: Te explicamos cómo leer gráficos, identificar tendencias y utilizar indicadores como RSI, MACD y Bandas de Bollinger para tomar mejores decisiones de entrada y salida.

🧠 Educación cripto: Aprende desde cero qué es una blockchain, cómo funciona un exchange, qué es un ETF de criptomonedas y más. Explicaciones sencillas, sin tecnicismos.

🗞️ Noticias relevantes: Entérate de los eventos más importantes del ecosistema cripto, regulaciones, movimientos institucionales y lanzamientos que pueden mover el mercado.

🔔 Suscríbete y activa la campanita para no perderte ninguna oportunidad.

💬 ¡Únete a la comunidad BittraderX y transforma la información en inversión!


",6940,690803,AE,es,,,,2025-12-21 05:00:32
UC80gPkw3wzkVgpUlU1q-gkQ,Crypto Trading DE,"LIVE Bitcoin & Altcoin Updates! Analysen, Trading Setups & Zielzonen!",6880,755750,DE,,,,,2025-12-21 05:00:43
UCrjdgmYGTl6rT5Onykjl-zA,The Alchemy of Crypto Trading,"I am glad to see you on my channel on trading cryptocurrencies using my strategy on tradingview. I show trading using my proven strategy for trading cryptocurrencies without risking capital and increasing capital. You can trade manually using an automatic bot. To do this, you do not need to be constantly at the computer. 
You can also connect your account to trading cryptocurrencies without your participation (this is not an automatic bot, this is a different method). Your money is in your personal account under your control. I'll tell you in my personal telegram messages.
Write to me in telegram if you have any questions.
",6360,65145,,,,,,2025-12-21 05:02:13
UCrTMgyZA0lxAa5hrCHlRLeQ,Roman Crypto Trading,"DISCLAIMER: Please be advised that I am not a professional advisor in business areas involving finance, cryptocurrency, taxation, securities and commodities trading, or the practice of law. The information and content written, broadcasted, and/or disseminated by and through ""Roman Trading"" is intended FOR GENERAL INFORMATION PURPOSES ONLY. Nothing written or discussed is intended to be construed, or relied upon, as investment, financial, legal, regulatory, accounting, tax or similar advice, nor should it be. All content expressed, created, and conveyed by ""Roman Trading"" is premised upon subjective opinions pertaining to currently-existing facts readily available.",6110,232287,,,,,,2025-12-21 05:01:07
UCC7HdZWme6hZ1voMhSfrEdw,Criptomonedas e Inversión - Cazadores del profit,"Empresario e inversor | Comprometido con la formación financiera.
📚 | Análisis y opinión de criptomonedas

Únete a la comunidad y aprende por ti mismo:
-Análisis del mercado cripto, bolsa, indices y forex. 
-Macroeconomía y finanzas. 
-Mercados de renta variable y fija explicados de forma sencilla.",5630,541476,ES,,,,,2025-12-24 04:50:03
UCozE5DnsoNiq9Rx0qE4RA5A,SHANI CRYPTO NEWS AND TRADING ,"This channel just for education 


https://www.instagram.com/shanicryptonews?igsh=MWhwb3R4MDB5cGtvZQ== 


https://t.me/Forexinvestermarket

https://one.exnesstrack.net/a/6sc5yvozbw


https://whatsapp.com/channel/0029Vb6obMEC6Zvh33ZbvZ3U",4820,842937,PK,,,,,2025-12-21 05:02:42
UCUry23uR_fQZD7bdg1F0AYw,Crypto Traders Arena,"Treat trading like a business and market will treat you like a king !!!
Welcome to Crypto Traders Arena, the ultimate community  where  traders come together to  help members become consistently profitable in the crypto market.

Join our  community, discover a wealth of trading ideas, from scalp trades to swing trades and altcoin investments. Our traders bring their knowledge to the table, providing valuable insights to guide you on your trading journey.

Remember, success in the crypto world requires dedication, continuous learning, and strategic decision-making. 
#cryptoplan #cryptocharts #cryptotrading
",4720,124589,RO,,,,,2025-12-21 05:01:32
UCd60uuGz-XnsVfWTzKW6y1w,Alex Criptomonedas,"En este canal buscamos muchas maneras de crecer financieramente con el uso de las criptomonedas.
▬▬▬▬▬▬▬▬▬▬▬▬▬▬▬▬▬▬
► Únete a mi Comunidad y sígueme en mis Redes Sociales:

- Canal de Telegram | https://t.me/AlexboCriptoAnuncios
- Grupo de Telegram | http://bit.ly/390ApAz

- Linktree | https://linktr.ee/AlexCriptoPro
- Twitter | https://twitter.com/Alexcriptopro
- Tiktok | https://www.tiktok.com/@alexcriptopro
- Instagram | https://www.instagram.com/alexcriptopro/

📧 Contacto: t.me/alexcriptopro
▬▬▬▬▬▬▬▬▬▬▬▬▬▬▬▬▬▬
SUSCRIBETE!",4690,249216,BO,es-419,,,,2025-12-24 04:49:26
UCqMsaptzazvnwQ3NG35yJEw,Skinny,"Our two favourite asset class to do technical analysis on is cryptocurrency and equities.  Most of the time in crypto, it's bitcoin BTC and ethereum ETH that takes up the lion's share of content. We love memestocks on wallstreetbets as that is the type of stocks that are just as volatile, perfect for a trader.",4150,492444,SG,,,,,2025-12-24 04:48:56
UCba9YV4CCMXHei8EtZuosUA,Crypto Trading Sapaklar🇹🇲,Noldan trading etmani owrenjekmi? Onna hemme videolary doly gor!,4070,239796,TR,,,,,2025-12-21 05:00:47
UCp-jLyxsmEo8p1KR8imcRBw,BTC Fight Promotions,"BTC Fight Promotions is Ontario's leading professional mixed martial arts organization. For the past eight years, our team has been travelling around Ontario organizing world-class MMA events. We consistently seek out top-tier talent from across Canada and around the globe. We provide these athletes with a platform to showcase their skills, build their records and prove they are ready to compete on the international stage. In 31 shows, BTC Fight Promotions has helped propel 11 athletes to organizations such as the UFC and PFL, including Serhiy Sidey, Jasmine Jasudavicius and Aaron Jeffery!

We upload tons of fights, highlights, interviews, behind the scenes footage, interviews and much more. Stay tuned for upcoming event info. Our events are broadcast on Spectation Sports. But if you would like to watch in person, tickets for our events are available on our website. There's nothing like the energy you get from watching live MMA, and we guarantee you'll have a great time!!
",4040,1322104,CA,,,,,2025-12-21 05:04:06
UC1rMoMdDtHTXXfRg_iR-QJQ,Explore Crypto,"Is bitcoin and lightning network confusing to you? I am here to help. On this channel, we are building bitcoin and lightning network nodes (like raspiblitz). We are trying various hardware wallets (like trezor) and cold storage devices (like cryptosteel), and programing basic bitcoin interfaces in python (like bip39! 

Don't be a headline reader, go deeper by watching it. After that, I guarantee you'll become the smartest person in the room regarding the topics I am exploring.
Bartlomiej (Tony) Sanak",3620,141355,CA,,,,,2025-12-21 05:04:08
UCDu8L5LsJQn2dkn_IeZ5b9g,M Rizwan ( Crypto Trader ),"Welcome to Crypto Concepts YouTube Channel – Your Guide to Live Trading, Learning, and Good Investment Ideas!

🚀 Tune in for live sessions where we talk about trading in stocks, forex, crypto, and more. Our experts break down market moves and show you exciting opportunities.

🎓 Improve your skills with our online and in-person learning classes. Whether you're just starting or already experienced, our courses have something Special for everyone.

📚 Get valuable learning materials to understand the market, trends, and insights in finance and crypto. Stay in the know and make smarter decisions.

💰 Explore ways to make money through investments in crypto, stocks, and emerging markets. We help you make wise choices for your money.

🌐 Connect with us: Follow our Facebook page and join our Telegram group for special content. Subscribe now, so you're always updated on what's happening in the market!
",3570,185214,PK,,,,,2025-12-21 05:02:18
UCbAFFSBKfFkDcXlVbxjh-mw,Alex Reyes | Criptomonedas,Bienvenidos a mi canal de YouTube! Un espacio para todas aquellas personas que quieren escapar de la carrera de la rata y hacer que su dinero trabaje para ellas en lugar de ellas trabajar por dinero.,3430,138860,,,,,,2025-12-24 04:49:26
UChwAi7o995J1a-pghJ8G4tw,crypto trading with aaqib ,"I provide All crypto real price and prediction for future growth 

for any business , and sponsored 
you can mail me 
alialexendra9@gmail.com

Get 1 pi coin free and much more
use my referral code 

I am sending you 1π! https://minepi.com/aaqibali7536 and use my username (aaqibali7536) as your invitation code.

https://www.instagram.com/channel/AbajCUfoRlfoFi6-/",3330,430924,IN,,alialexendra9@gmail.com,,,2025-12-21 05:02:45
UC4Tp6wE5cKQqqQz2L8cw5Jg,Blockchain Trades ,"Scammers Alert 🚨🚨🚨

I will never ask for Crypto If any one is Asking For Crypto those are all SCAMMERS, 

This is my Cryptocurrency Channel..Market News & Updates. Trading Ideas & Strategies with Price Predictions .All video l, Information on this Channel are for Educational purpose Only.They are not (buy - Sale) Recommendations. Please Consult your Financial advisor before entering any trade & investment
",3320,71721,AE,,,,,2025-12-21 05:02:47
UCIvepCDobqmW1Z0Ru-4xXwA,Scalping Crypto Trading,"We are all about scalping, crypto and trading. Trading strategies used in real trading situations and live trading / scalping shown with 100% transparency.",3070,109101,SE,,,,,2025-12-21 05:00:40
UCD1vflEZ57Q-zVYXUtb3ilw,#CriptoMonedas 777,"Este canal esta dedicado al hombre macho alfa.
El que quiere todo.
Que quiere tener una barba grande y bonita. Un cuerpo sano y en su maxima forma .Y lo mas importante, una mente sana y lista para ganar dinero y influenciar al mundo.

Este canal estara basado en como crecer y manter tu barba saludable, como comer sano y hacer ejercicios.Poemas, pensamientos y cartas para adyuarte en tener una mente sana y motivada a darle con todo en este mundo.


Bienvenido









#criptomonedas  #criptomoneda #cripto #Critpomoneda 
poemas de odio, poemas de amor, poemas de inspiracion, poemas, poemas famosos, poemas de enojo, poemas de odio, poemas de guerra, poemas de paz, poemas de mujeres, poemas en espanol, cesar vallejo, poesias famosas, poesias de amor, poesias de odio,  poesias de motivacion, poesias de guerra, poesias de paz, frases famosas de peliculas,como crecer barba, crecmiento de barba, como tener barba, crecer barba con uso de minxodil, se puede usar  minoxidil para barba, barba",3020,1027359,US,,,,,2025-12-24 04:50:03
UCeBdaiZwst0oKJ6oaQzUI8w,Crypto Live Trading,"Welcome to Crypto Trading Live! 🚀  
We go live daily with real-time Bitcoin (BTC), Ethereum (ETH), and Altcoin trades.  
Learn crypto scalping, risk-reward management, live chart analysis, and trading psychology in Hindi.  
Subscribe for LIVE trading sessions, quick tips, and pro-level crypto strategies!

🎯 Topics Covered:
- BTCUSD / ETHUSD Live Trades
- Binance Futures Scalping
- TradingView Chart Analysis
- Hindi Crypto Education

📅 Live Timing: Daily at 8 am IST
📍 Language: Hindi



",2980,220024,IN,,,,,2025-12-21 05:01:20
UCdRJu6YVuqgqcPyFkmoU37A,CRIPTOMONEDAS A TOPE!!!!,"📌 BboySendo Official Channel

Criptomonedas como libertad financiera 💲",2790,57825,ES,,,,,2025-12-24 04:49:26
UCzGam0zRcCGGguVxt3XI-XQ,MRD CRYPTO TRADER ON ROYAL Q AND BINANCE,"LEARN HOW TO TRADE ON BINANCE USING INTELLIGENT ROBOT CALLED ROYAL Q:
THROUGH HOLDING YOU CAN TURN $100 TO $30000

ITS VERY POSSIBLE TO 5% UP TO 30% WEEKLY 
USE MY ROYAL Q LINK AND REGISTER

https://royalqs.com/s/DC3P9

Contact us 
Or WhatsApp
+256706598817",2690,126780,,,,,,2025-12-21 05:02:29
UCCZt-hhvEKImyo-mH_aQPkA,Crypto Trading with MG,"
",2560,16665,IN,,,,,2025-12-21 05:02:11
UCE-MxcTqgHvKJAWrUNuT7bw,Duz Criptomonedas,Repartiendo noticias sobre Criptomonedas 🪙 - Airdrops 🪂 - DeFI y mas🦁,2450,89264,,,,,,2025-12-24 04:49:26
UCTHeRB7vW4UThabTEH6OtpQ,Trade Swings - Crypto Trading,"This channel is for learning and Motivational Purpose in Stock Market Trading India.

Trade Swings shares their learnings, findings , do and don'ts and many other experience which will be helpful for lot of beginners.

Do Subscribe for Unlimited Learning.  

- Open Account in Delta Exchange India or Coin DCX for Crypto Trading

- Join us on Telegram channel.

- Whatsapp number for any queries.
  Only Whatsapp No Calls.
  7 222 999 4 66

✅ Business Enquiries:-
  tradeswingsofficial@gmail.com
",2420,5228,,,tradeswingsofficial@gmail.com,,,2025-12-21 05:02:35
UCiv9rzJvgF-4cubhZZ_yM0Q,BIT A BIT💰 Criptomonedas,"Sumate a nuestras comunidades gratis!!

https://chat.whatsapp.com/GSB8mALkQWWJhLAcxgCA9m?mode=ac_c

Apoya al canal con un cafecito 

https://cafecito.app/bitabit


Podes contactarme tambien a juanpici@hotmail.com

Consulta por nuestros cursos y alertas!!!",2190,85346,AR,es,juanpici@hotmail.com,,,2025-12-24 04:50:03
UCY6eOMh5AumjyDYQFXDz1uQ,Trade Crypto Today ,Do you want a new crypto trading idea EVERY SINGLE DAY? This channel is for you! ,2110,64837,,,ajalphagroup@gmail.com,,,2025-12-21 05:01:27
UCnWrztMq2N8ME9RSduDdVGg,King Crypto Trading,"I help traders become profitable trading meme coins.

Honestly, I kicked off this meme coin trading channel because, let’s be real, the content out there was just pathetic when I was trying to learn. Like, who even puts that out? It’s embarrassing. I am about to flip the script on that.

 I am about to drop some serious knowledge on meme coin trading. You want tips and tricks? I have got you covered. Looking to become a meme coin trader? I’ll show you how. Beginner guides? Yeah, I’ve got those too. And don’t even get me started on my live trading streams. You won’t want to miss it. 

I have been crushing it as a full-time trader for over three years, focusing on NASDAQ futures. I dipped into meme coins about seven months back and hit my stride three months ago. Now, I am ready to drop some knowledge on you about trading meme coins on the Solana blockchain. Trust me, I can help you level up your trading game.",2090,53939,US,en,,,,2025-12-21 05:01:53
UCWtPAu4S7jzxfJKpQ_CsKBw,LibertyX Buy Bitcoin,"Learn how to buy Bitcoin instantly at trusted local stores with LibertyX. This channel features a variety of tutorials, walkthroughs, interviews, and more to help you navigate the crypto landscape. You will learn how to buy Bitcoin. Get started today to learn about the future of money. Be your own bank!",2040,461464,US,,,,,2025-12-21 05:03:54
UCfesR9Ef9UQ3icd0U7M8WAA,Curso de Criptomonedas y Trading 👑,"✅ Si deseas promocionar alguna página o servicio en nuestro canal tenemos excelentes ofertas de publicidad

📲 Escríbenos mediante nuestro canal de telegram tocando en la descripción:
👉 https://t.me/AndroidCrypto",2030,23407,US,,,,,2025-12-24 04:49:26
UCf7zF8tFOb9T58nBo09BhAw,Ethereum France,"Ethereum-France est une association Loi 1901 sans but lucratif. Ethereum-france a pour objectif de promouvoir, développer, expérimenter et rassembler la communauté autour d'Ethereum. Nous avons à cœur de faire grandir la communauté et de permettre à tous les intéressés de se rencontrer et de progresser. Pour adhérer, faire un don à l’association ou se tenir au courant des prochains ateliers, rendez-vous sur notre site: https://ethereum-france.com/",2010,129905,,,,,,2025-12-24 04:48:26
UCmwaDulmQtX-H8FOSQTKqMg,Scaling Bitcoin,Scaling Bitcoin is an annual international nonprofit engineering conference focused on Bitcoin and Blockchain scalability approaches and related technologies.  Please also take a look at the Bitcoin Edge initiative Dev++ event started in 2017 at the Scaling Bitcoin conference focused on developer education.,1960,118654,,,,,,2025-12-21 05:04:01
UCg_QTMsvmPAo5nC8Dk1-epw,Farrukh Crypto Trading,"Self Learning is important! That's why I am here in order to spread the Awareness

Add me on https://discord.com/ so we can talk! My username is Farrukh Siraj#6767.

https://youtu.be/ypUyYHm2NjA

https://www.tiktok.com/@farrukhcryptotrad?_t=8YHMRjm0HRK&_r=1

https://www.facebook.com/fame.siraj

https://twitter.com/farrukhsiraj55?t=aKs2ZsjsJWH4jvWZA0FJdQ&s=09

Insta=Farrukh Cryptotrading 

Kindly join these groups for learning Crypto trading for free

Bitcoin Urgent update #Bitcoin #BTC #Urgent even for Alt Coins #Sol #Eth Ethereum #Avax Avalanche #BNB Binance #DOT Polkadot #ADA Cardano #Price Update

Disclaimer:- Kindly try to learn how to trade and Stop gambling with your money I am not your financial advisor neither I am recommending you to do any kind of trading either in stock market or crypto market 
This video is only for educational purpose Thanks 👍😊

Beware of Scammers even on comments never give any money to anyone online Be Safe keep learning keep trading by yourselves",1960,161077,AE,,,,,2025-12-21 05:02:03
UCzmePNn8ewzvt7wbPXwiyig,Digital Crypto Trading,"Bienvenue sur Digital Crypto Trading, votre chaîne dédiée à l’analyse quotidienne des marchés de la cryptomonnaie !

📆Chaque jour, je partage avec vous des perspectives détaillées sur le Bitcoin, les altcoins, et les tendances globales du marché. 

🎯Mon objectif est de vous aider à mieux comprendre les mouvements du marché, à identifier des opportunités, et à adopter une approche stratégique dans vos décisions  de trading ou d’investissement ou.

Rejoignez cette aventure pour :
-Découvrir des analyses claires et pédagogiques.
-Suivre les actualités importantes du monde crypto.
-Profiter de conseils pour éviter les pièges et maximiser vos chances de succès.

Abonnez-vous pour ne rien manquer et recevez chaque jour une analyse complète qui vous permettra de rester informé et réactif face aux fluctuations du marché crypto.
",1740,40154,FR,,,,,2025-12-21 05:02:24
UC2uahT7Bi_KomDzGVHv7nnw,EsCryptoTrading - Bitcoin y Criptomonedas,"Trading de Criptomonedas. 
Análisis y Estrategias de Operación. Alertas gratuitas.
Gestión del riesgo. Operaciones en Vivo. Guías y Tutoriales. Material de apoyo.
Experiencias y Opiniones acerca de este maravilloso mundo.

Grupo de Telegram: https://t.me/EsCryptoTrading
Grupo de Alertas Gratuitas: https://t.me/AlertasBinanceGratis
Contacto Telegram: https://t.me/TecFan",1720,66364,VE,,,,,2025-12-24 04:49:26
UCwrpYQF9eRrMTzfBegfHRGg,Criptomonedas,"Bienvenido a Criptomonedas Felicidades por estar aquí, porque has tomado la gran decisión de obtener mayores ingresos a través de las criptomonedas y yo estoy aquí para ayudarte a lograr justo eso.

Aquí ayudo a emprendedores apasionados a conocer. crecer y monetizar su pasión online.
Estoy encantada de tenerte aquí!

Este canal es un espacio de asesoramiento sobre inversiones en criptomonedas basados en mi experiencia personal y la de los que me ayudaron a estar aqui. Mi objetivo es asegurarme de que al final del día obtengas ingresos por ti mismo.

Conectate conmigo a traves de mis redes sociales como Criptomonedaskg
Facebook https://www.facebook.com/criptomonedas.kg.9
Instagram https://www.instagram.com/criptomonedaskg/
Steemit https://steemit.com/@criptomonedas

Suscribete a mi canal si te gustan mis vídeos y comparte tus sugerencias en los comentarios tu opinión es muy importante.

Y una vez mas Felicidades por tomar acción y adentrarte a este maravilloso mundo.",1650,84938,PA,,,,,2025-12-24 04:49:26
UCgM_NyV0TwO9n1dZ84lLrQQ,MSH Bear Bull Crypto Trading,"Hello , friends hope you all are fine and healthy .In this Channel you will get Crypto Currency Daily Update in which BTC ,ETH and All the ALT Coins .I will Give you Daily Scalp and tell you the Secret of Trading .Furthermore , you will learn Forex Trader | Blockchain  |  Web 3 | Making Smart Contracts .Moreover , you will Get Suggestions of Non-Fungible Tokens (NFT's) and Metaverse (Virtual) and I will tell you how you can become Millionaire or Billionaire. So Subscribe my Channel and ( Set the notification to All ) in order to get all videos on time.

Business : muhammadshahjahanhashmi6@gmail.com

 ★ 🅢🅤🅑🅢🅒🅡🅘🅑🅔 ★
🔴 Subscribe 🔸https://www.youtube.com/channel/UCgM_NyV0TwO9n1dZ84lLrQQ
⇠-------------------------------------⇢
----------------------------------------------------------------------------------------------------------------------------------------
◘ Please support our channel with :
🔸LIKE 👍
🔸SHARE ✉
🔸SUBSCRIBE✔

",1470,103024,PK,,muhammadshahjahanhashmi6@gmail.com,,,2025-12-21 05:01:40
UC5JAiu6Hxko4wxmkZLfZT4g,Your Bitcoin Guide,The cryptocurrency guide to help you get started with the NEW and BETTER way to send money and accept payments.,1320,745281,,,,,,2025-12-21 05:03:22
UCYq35kSZZADBoL2YuCyqUUA,Bitcoin Review Podcast with NVK & Guests,"Hello and welcome to Bitcoin.Review

Scratching my own itch, this is a best efforts place to talk about Bitcoin Project software updates and some other commentary that I find interesting or noteworthy to me.

I also would like to invite you to send Bitcoin related questions, on bitcoin.review using the button on the top right of the page.
",1220,30932,US,,,,,2025-12-21 05:03:19
UCfRksUSaLfjFY0Jxfk6sYwQ,Criptomonedas Fever,"Hola amigos en este canal se tratara todo aquello que esta relacionado con el mundo de las criptomonedas, analisis tecnicos, analisis de monedas, Mineria, Pools, staking, airdrops..etc",1170,78102,ES,,,,,2025-12-24 04:49:26
UCI3MsZjafTTqBeSVfluVusQ,Brett on ETH 0x240,"Everything OG Brett 0x240 

More on the way!

Website: https://brettcoineth.vip/

Buy on uniswap: https://app.uniswap.org/swap?inputCur...

Contact address: 0x240d6faf8c3b1a7394e371792a3bf9d28dd65515

Twitter/X: https://x.com/brettether?t=9tBeoH2Zbr...

Telegram: https://t.me/brettcoinchat

Reddit: https://www.reddit.com/r/brettcoinether/s/85KbI2OTJV

TikTok: @og.brett",1090,17095,,,,,,2025-12-24 04:48:56
UCz2IFOjRm4h1mEKyGmSho9Q,Ethereum ETH,,1050,69157,TW,,,,,2025-12-24 04:48:56
UCeHRFsSr3KEGD5kECjlvC4g,Bitcoin Well,"Established in 2013 - https://bitcoinwell.com
Publicly traded since 2021 - $BTCW.V - https://bitcoinwell.com/investors
Bitcoin Well is Canada's non-custodial bitcoin company. We offer:
- Bitcoin ATMs
- Bitcoin Personal Services
- Online Bitcoin platform

Watch our videos to learn about bitcoin and keep tabs on how to buy, sell and use bitcoin.
Future-proof your money ✌🏼
",1050,55818,CA,,,,,2025-12-21 05:02:59
UCh6YNcgkY1Oy_FbyArOLyfQ,"Crypto LIVE X: Trade, Invest, Learn, Update","Welcome to CryptoLiveX – The Ultimate Community for Crypto Traders & Investors!

At CryptoLiveX, we're not just a channel we're a movement. A global community of crypto enthusiasts, traders and investors who are serious about building wealth through crypto decisions.

👉 What You’ll Get Here:
📈 LIVE Crypto Trading Sessions – Watch real-time trades, breakdowns, and technical setups
📊 Daily Crypto Trading Signals – Get powerful entry/exit points, risk strategies & price targets
🧠 Crypto Investing Fundamentals – Learn how to evaluate coins, projects, and long-term opportunities
📰 Breaking Crypto News & Market Updates – Stay ahead of the game with timely insights
💬 Community-Driven Analysis – Share, discuss, and learn together

Whether you're a beginner looking to understand Bitcoin, Ethereum, and altcoins — or a seasoned trader wanting daily signals, CryptoLiveX is your home.

Join us as we decode charts, review the hottest tokens, run live Q&A sessions, and uncover crypto gems
",948,70396,,,,,,2025-12-21 05:01:35
UCEY4ywJ_3ej4i9lJuNm3SVQ,Crypto Trading Zone,"📌 Welcome to Crypto Trading Zone 🚀

In this channel, we provide:

✅ Crypto Knowledge – Basics to Advanced
✅ How to use Delta Exchange
✅ Crypto Trading Strategies (BTC & Altcoins)
✅ Live Crypto Trading Sessions
✅ How to Make Money from Crypto Trading
✅ Delta Exchange & CoinDCX Reviews
✅ Live App Demonstrations
✅ Ready-Made Crypto Option Trading Strategies
✅ Stock Market Basics Knowledge

📞 Contact: 7501245400
📧 Email: marketorbityt@gmail.com

⚠️ Disclaimer:
We are not SEBI registered analysts.
We do not provide tips or services.
This channel is for educational purposes only.

🙏 Thanks for being a part of Crypto Trading Zone!
",826,59714,IN,,marketorbityt@gmail.com,,,2025-12-21 05:01:17
UCxGR7ZqPUt_4kr3CzPkWGdw,The Crypto Trading Show,"Daily Live Trading at 3:00 PM (Forex + Crypto)

For any query:
email id: thecryptotradingshow@gmail.com
WhatsApp: +919204919005

Telegram Channel:
https://t.me/TheCryptoTradingShow

Instagram ID: 
https://www.instagram.com/thecryptotradingshow/

",787,24265,IN,,thecryptotradingshow@gmail.com,,,2025-12-21 05:01:58
UC9emNeIp1AxRYFThOLK2iUw,Empire Crypto Trading,"A Group of Crypto Traders Delivering Crypto , News, Alpha and more! ",694,106775,,,,,,2025-12-21 05:01:50
UCRS4t8gzvnsHDizyLkGutsQ,Nação Cripto,"Canal dedicado a compartilhar cortes e conteúdos relacionados ao universo das criptomoedas. Nosso objetivo é informar, educar e espalhar conhecimento de forma acessível, prática e que agregue valor à sua jornada no mercado cripto. Aqui, você encontrará insights relevantes, tendências e informações para se conectar ao futuro financeiro. 🚀",686,178541,,,,,,2025-12-24 04:50:03
UCYfsltdlz7HTv9mkqP2kKZg,The Bible and Bitcoin,Educating Christians on biblical economics and the just and equal weight of Bitcoin!,677,53063,,,,,,2025-12-24 04:48:26
UCfqLQKH3mQOowsck6UumDnQ,"Sunny Ray Show:  AI, Bitcoin & Robotics","Welcome to The Sunny Ray Show: AI, Bitcoin & Robotics – your go-to source for innovation at the crossroads of tech! Hosted by Sunny Ray, a veteran entrepreneur with 20+ years in bitcoin, AI, and robotics, we explore game-changing trends with expert insights and strategies.

Dive into AI breakthroughs, Bitcoin's financial evolution, and robotics' automation future – perfect for bitcoin fans, AI folks, robotics pros, or tech curious.

Why subscribe? Sunny's expertise shines through:
- Co-founder of Unocoin, India's top Bitcoin platform (2.5M+ users, backed by Digital Currency Group & Draper Associates).
- Former BD lead at Kraken (4.5M+ users) & Paycase Markets, bridging tradfi and btc.
- Robotics pioneer at Quanser & Humanoid Global ($ROBO).
- Innovator & Builder at Matador & Sapien.io.

Via Sunny Ray Holding Inc., he consults for leading companies.

Subscribe, hit the bell, and join the future! 🚀

Connect:
- Website: https://sunnyray.com
- Twitter: https://x.com/@sunnyray
",661,33701,CA,,,,,2025-12-21 05:04:11
UCsiBqc2-F5l3dQrOPFUVYKA,Boring Traders Crypto ,daily crypto live with me,659,6453,,,,,,2025-12-21 05:02:32
UCtlm6uI44qtLKd4Cp48gFzA,O Código do Mercado Cripto - Apolo Cucciolli -CNPI,Cripto e Inteligência artificial - A revolução chegou!,644,8784,,,,,,2025-12-24 04:50:03
UCMaUo1Cssz3z9yiZWJ6ddUw,CryptoCurrency Trading Guideline,"🎯 Welcome to My Channel – 🌺

I’m a passionate crypto trader and content creator. If you want to learn about cryptocurrency trading you've come to the right place!🌸

 Please read the full disclaimer before beginning your journey📈💰

Overall I'll make videos about Cryptocurrency where I teach about crypto trading-related content, Binance passive income tutorials —and so on!! We will provide BTC/ETH trades, breakout alerts, and trend updates Besides You can even trade with us for free 😎🔥😍

This Channels Goal:- 💣💣
My main aim is to spread crypto awareness globally and help people earn money online and work for themselves rather than doing a 9 to 5pm job 😇

Disclaimer:- ✍️ Cryptocurrency investments carry significant risk. Always do your own research and consult a professional financial advisor before making any investment decisions. Me and my team are not responsible for any financial losses incurred based on the information provided on this channel.🙏🙏
 
Thank you for visiting my channel!🥰
",631,21394,BD,,,,,2025-12-21 05:01:30
UC5-jBcd7YfHtD6VVU2poDUg,Como Ganar Criptomonedas sin Inversion,"Bienvenido a Cómo Ganar Criptomonedas Sin Inversión, tu guía práctica para generar ingresos con cripto sin gastar dinero. Aquí encontrarás airdrops actualizados, tutoriales paso a paso, estrategias de trading de futuros, tips para wallets y exchanges, y las mejores formas de ganar criptomonedas gratis. Ideal para principiantes y usuarios avanzados que quieren maximizar sus ganancias en el mundo cripto. Suscríbete y activa la campana para no perderte ninguna oportunidad.
criptomonedas gratis, airdrops cripto, ganar cripto sin invertir, trading de futuros, criptomonedas 2025, crypto sin inversión, ganar bitcoin gratis, tutoriales cripto, binance futures, cómo usar metamask, airdrops activos, crypto para principiantes, ganar dinero con criptomonedas, crypto sin riesgo, invertir en criptomonedas sin dinero",572,29187,MX,,,,,2025-12-24 04:49:26
UCNsQkAYuvSkxuNe3DGLWS1g,LedgiFi: Impuestos de criptomonedas,"Calcula fácil y rápido tus ganancias de criptomonedas y #bitcoin 🚀🌕 
Conecta tus exchanges y sigue tu portafolio en un solo lugar 📈
🇨🇱 🇲🇽 🇪🇸",515,47881,CL,es,,,,2025-12-24 04:50:03
UCCNT7ZlFgYD7ZWA30w7Ou_g,The Crypto Trading Channel,"Trade Bitcoin & Altcoins on ANY time frame!! Our Fibonacci based trading system can be used for scalping and swing trading! It'ss suitable for both beginner traders and trading professionals, and can be applied in both bull and bear markets! Everyone can profit and make money in this space, so let us help you find the best information available! 
---
Disclaimer: The information provided on The Crypto Trading Channel does not constitute investment advice, financial advice, trading advice, or any other sort of advice and you should not treat any of the content as such. The Crypto Trading Channel does not recommend that any cryptocurrency, stock, or any other investment should be bought, sold, or held by you. Do conduct your own due diligence and consult your financial advisor before making any investment decisions.

",461,20307,AE,,,,,2025-12-21 05:00:53
UCo3Ie87Y7zB6Sa2_au8NTaw,KN Crypto Trading,"Learn trading with Khalid Javed & Nasir Javed the crypto experts.
From Basics to advance trading strategies  candle reading chart patterns and Budget management 
",388,5772,,,,,,2025-12-21 05:02:50
UCQShNqValg_FM5qz1u-UrwQ,George & Ethereum Guide,,310,2017,US,,,,,2025-12-24 04:48:56
UCUSgT_-EUkC38QEnFOzV1NQ,Ethereum News Alerts,The latest news about the cryptocurrency Ethereum. From ethereum news today down to current price and future price predictions.,232,2306,US,,,,,2025-12-24 04:48:56
UCHkqdtEmbYISwBj3nzLp3AQ,Canadian Bitcoin Consortium,An Advocacy Group dedicated to sound monetary and energy policy for the betterment of all Canadians.,221,11199,CA,,,,,2025-12-21 05:03:14
UCEens9tlCkdI8oU4zI_QwsA,NYC Ethereum,"Official YouTube Channel for the NYC Ethereum Meetup

http://ethereum.nyc",202,11502,,,,,,2025-12-24 04:48:56
UC9l4VtBaEZari2XDzVlv1Uw,Fact Crypto Trading,"Welcome to Fact Crypto Trading – your one-stop hub for clear, fact-based insights into the world of cryptocurrency and trading.
Here we cut through the noise and bring you:

Real-time crypto market updates

Trading strategies simplified for beginners and pros

Fact-driven analysis of Bitcoin, Ethereum, and Solana

Risk management tips for safe trading

Latest crypto news explained in simple language

Whether you’re just starting your trading journey or looking to sharpen your strategies, Fact Crypto Trading equips you with the knowledge you need to trade smartly and confidently.

Referral Link: 

 https://www.delta.exchange/?code=factcryptotrading

Learn how to protect your capital, discover new opportunities, and avoid common pitfalls in an ever-changing crypto market.

Join the community, stay updated, and trade with facts – not hype.

Subscribe and hit the bell icon to never miss an update!
",181,0,IN,,,,,2025-12-21 05:01:22
UCbmtqwLO7zKvAUSyA2KD2aw,SuperX - Crypto Copy Trading,"Welcome to SuperX! Your ultimate channel for mastering crypto copy trading on the Hyperliquid perpetuals exchange. Whether you're new to Web3 trading or an experienced investor, SuperX empowers you to effortlessly discover, follow, and automatically copy top-performing crypto traders.

SuperX is a cutting-edge dual-interface trading tool (Telegram bot & web dashboard). We provide real-time wallet tracking and advanced copy trading to make on-chain perpetuals trading on Hyperliquid transparent, social, and accessible.

On this channel, expect:

• Hyperliquid Trading Strategies
• SuperX Copy Trading Tutorials
• Crypto Market Insights (DeFi & DEXs)
• Platform Updates & Tips
• Trader Spotlights

Join our community to unlock automated crypto trading and boost your passive income. Subscribe now!
",160,4806,GB,en,,,,2025-12-21 05:01:48
UCFIYbnMJU3XBWLXZs0WIk9A,Precision Crypto Trading,"Compound Gains, Not Mistakes",140,7772,,,,,,2025-12-21 05:01:14
UCyvPUu8jLn-fjZClyySuP8w,The Bitcoin Street Journal,"The Daily Diary of the Bitcoin Dream.
Coverage of breaking bitcoin news headlines from the US and around the world. Top bitcoin stories, photos, videos, detailed analysis and in-depth reporting.",134,66897,US,,,,,2025-12-21 05:03:26
UCuaBV4OHNa-vOQF-fuge0PA,Criptomonedas,Buscamos proveer información relevante sobre el ecosistema de las criptomonedas en la República Dominicana y Latinoamérica. Escúchanos en Spotify y Apple podcast.,124,3850,,,,,,2025-12-24 04:50:03
UCYa-tuhHaDd87udUoI3HgOg,Criptomonedas,Algo grande está en camino. ¿Listo para descubrirlo? 👀🔮,98,66048,ES,,,,,2025-12-24 04:49:26
UCdFAPGb2zMzGJi5s865oOhg,Ether Capital,Ether Capital (NEO: ETHC) is a leading public technology company that provides direct investor access to the Ethereum and Web3 ecosystem.,93,4382,CA,,,,,2025-12-24 04:48:56
UCke_4MFAZD5C-nfCUdyEmiw,FINANZAS y CRIPTOMONEDAS,Únete  al  Telegram:,85,880,US,,,,,2025-12-24 04:49:26
UCnqrUGNebwDhwaDoW2ag0lA,Mercado Cripto,"Canal oficial de Mercado Cripto, primer market place de tokenización, cobros y pagos en CRIPTO y tokens",82,41,,,,,,2025-12-24 04:50:03
UCaXvK50aq4-WZbLwyzPJjFA,Make Trading Awesome CRYPTO,"Make Trading Awesome CRYPTO 🎯

Welcome to the world of real crypto trading – where I share my actual PnL (Profit & Loss), trading strategies, and honest experiences from the market. This channel is all about transparency – showing both wins and losses, because that’s the real side of trading.

📌 What you’ll find here:

Live crypto trading PnL updates
Risk management & strategy insights
Learning through real market experiences
Motivational content for traders
Practical knowledge to help you grow in trading
No fake promises, no shortcuts – just real trading reality.

🚀 Subscribe and join me on this journey to Make Trading Awesome with Crypto!
",65,2084,IN,,,,,2025-12-21 05:02:37
UC1Hdi7p2gbCFAH-t8K1fFZw,Crypto Trading With Varad ,"🚀 Welcome to Crypto Trading With Varad ! 🚀

Hey there! I’m Vishal Deokate, a passionate stock market & crypto trader dedicated to helping you navigate the volatile world of trading and investments. Whether you're a beginner or an experienced trader, my channel is your go-to source for:  

✅ Crypto Trading Strategies – Spotting trends, altcoin gems, and Bitcoin/ETH analysis.  
✅ Stock Market Insights – Swing trades, intraday setups, and long-term investments.  
✅ Technical Analysis & Chart Breakdowns – Master support/resistance, indicators, and price action.  
✅ Risk Management & Psychology – Trade smarter, not harder!  
✅ Live Trading Sessions & Portfolio Updates – Real-time market reactions.  

My goal? To simplify trading, share actionable tips, and build a community of disciplined traders.

 Let’s grow together—subscribe and hit the bell! 🔔  



*Disclaimer: My videos are educational, not financial advice. Trade at your own risk.*  

---",60,51603,,,,,,2025-12-21 05:01:04
UCMAhkr0aKqbc8FUr3Q1vmTw,Mercado Cripto,"Canal voltado a divulgações de airdrops, analises de mercado e tendências de preços...
link do curso: https://mercadocriptobr.com/",48,4252,,,,,,2025-12-24 04:50:52
UCpejW2Qyq-gR6yVy6DDxcqQ,Educación de Criptomonedas,"🌟 Bienvenidos a Educación de Criptomonedas 🌟

En este canal, te ofrecemos un espacio dedicado a aprender todo sobre el apasionante mundo de las criptomonedas y la tecnología blockchain. Desde los conceptos básicos hasta estrategias avanzadas de trading, aquí encontrarás recursos que te ayudarán a entender y dominar el mercado de activos digitales.

🔍 ¿Qué puedes esperar?
Tutoriales** paso a paso sobre cómo comprar, vender y almacenar criptomonedas.
Explicaciones sencillas sobre Bitcoin, Ethereum, y otras altcoins.
Análisis de tendencias del mercado y noticias relevantes.
Consejos sobre seguridad y cómo proteger tus inversiones.
Entrevistas con expertos y líderes de la industria.

Únete a nuestra comunidad de entusiastas y comienza tu viaje hacia la educación financiera en el mundo de las criptomonedas. ¡No olvides suscribirte y activar las notificaciones para no perderte ninguno de nuestros videos!

📈 ¡Aprendamos juntos y exploremos el futuro de las finanzas digitales!",43,10122,MX,,,,,2025-12-24 04:49:26
UCTLsiNAiBJMX0iuGv8p-gkQ,Bitcoin 4U,,34,6546,,,,,,2025-12-21 05:03:29
UClb5qCdMUJsTO4Ra6RasLvg,Ethereum News Daily,"About Ethereum News

🎥 Videos about Ethereum, Cryptocurrencies, De-Fi and more
🎨 Written, voiced and produced by Ethereum News
🔔 Subcribe now for more Ethereum news, crypto news and many more

Business Inquiries and Contact
• For business inquiries, copyright matters or other inquiries please contact us at: newsethereum@gmail.com.

Enjoy our content!",32,728,US,,newsethereum@gmail.com.,,,2025-12-24 04:48:56
UCGhn2fEpzLYlyZ25-gFADXg,Why Bitcoin,"If you're gonna learn about money, it should at least be entertaining. Two average guys talk about finances, cryptocurrencies, and life in this ""everyman""-style podcast.

Twitter: @whybitcoin_
Spotify: https://spoti.fi/2NFKgEM
Google Podcasts: https://bit.ly/3k3XxmE
Anchor: https://anchor.fm/why-bitcoin
Discord: https://discord.gg/2FRNqrRc3M
",31,324,,,,,,2025-12-21 05:03:07
UCtOiARQz9-RY-Z07syIomvw,Deutschland braucht Ethereum,"Ethereum & Krypto für Deutschland 🇩🇪 | Einfach erklärt für Einsteiger & Profis | Prognosen, Analysen & News aus der Blockchain-Welt


Willkommen bei ""Deutschland braucht Ethereum"" - deinem Kanal für alles rund um Ethereum, Bitcoin und Kryptowährungen im deutschsprachigen Raum!
🔥 Was dich erwartet:

Ethereum Prognosen & Marktanalysen
Krypto-News aus Deutschland und der Welt
Einfache Erklärungen für Blockchain-Einsteiger
Investment-Strategien und Tipps
Aktuelle Entwicklungen im Web3-Bereich

📈 Perfekt für:

Krypto-Einsteiger, die verstehen wollen
Erfahrene Trader auf der Suche nach Insights
Alle, die in die Zukunft der digitalen Währungen investieren möchten

🎯 Neue Videos jeden [Wochentag] um [Uhrzeit]
📧 Business: [deine-email@domain.de]
🔔 Abonnieren & Glocke aktivieren für keine News verpassen!",18,26810,DE,,deine-email@domain.de,,,2025-12-24 04:48:26
UCqLpHgG8uSWyMu3IAHc1TVw,Ethereum News,"This channel covers all things Ethereum related in the Cryptoverse, including technical analysis and fundamental developments.

Become a patreon for exclusive content:
https://www.patreon.com/EthereumNews

or support the channel with fiat:
https://streamelements.com/ethereumnews/tip

Ethereum:
0xbC1A68F2B0100B91E8027Ea5B2373e7ee0c1c20A

Bitcoin: 
39oxRmvnECjQR64YdYFazhAAmpah2HpRSC",13,701,,,,,,2025-12-24 04:48:26
UCwFptKZgvSyfBJUCmmR1gJQ,Vancouver Bitcoin,"Vancouver Bitcoin
🥇| No.1 Walk-in / Remote Crypto Exchange
📈| Friendly Experts Providing in-person Help
🌐| Community Tailored to all Investing Levels
⬇️| Contact Us
www.vancouverbitcoin.com
",10,1240,CA,,,,,2025-12-21 05:03:02
UCCTBxk9zK7QEoqd9GXymVFw,UpLine ETH,"UpLine ETH is the official platform for crypto investment and trading. Register now to gain instant access to a user-friendly platform designed for maximizing your earnings in the cryptocurrency market.

On the UpLine ETH channel, you’ll find in-depth reviews and guides on how to use the platform effectively, helping you make informed investment decisions. Whether you’re a beginner or an experienced trader, the channel provides practical tips, strategy breakdowns, and honest evaluations to ensure you maximize your profit potential.

From analyzing key platform features, such as ease of use and trading benefits, to exploring whether UpLine ETH is a legitimate investment opportunity and how it ranks in platform reviews, the channel delivers valuable insights.

#UpLine_ETH #upline_eth_review #crypto_strategy #upline_eth_legit #is_upline_eth_legit #upline_eth_scam_or_legit #upline_eth_how_to_invest #platform_review #uplineeth_review_2025 #uplineeth_com #uplineeth_com_review",6,556,,en,,,,2025-12-24 04:48:26
UCIYSoxajpD6gjgSriVVT7qg,Criptomonedas Luis Nicoletti,ARGENTINA indonesia México,5,5646,,,,,,2025-12-24 04:49:26
UCEiRfVm9bsA_pMkJ-XhMnvw,Crypto Trading,"We want to help Beginners Peoples. Options trading is how investors can speculate on the future direction of the overall stock market or individual securities, like stocks or bonds.
Join India Delta Exchange  Link : https://india.delta.exchange/?code=JEZONX
",5,190,IN,,,,,2025-12-21 05:01:09
UCdDjUFGcV8JhmCkITFwzF4Q,Mercado Cripto,"Mercado Cripto pretende ser um canal de informação/formação de tudo o que se passa no mundo das cripto moedas, desde o Bitcoin, Altcoins, Stablecoins, Blockchain, NFTs, Metaversus, Defi, Web 3.0, Wallets e muito mais...",4,73,PT,,,,,2025-12-24 04:50:03
UCQbr2g2V4vAg8u-rIiytWMQ,Criptomonedas Hoy,"¡Bienvenido a Criptomonedas Hoy! 🚀 Tu fuente diaria y confiable para estar al día con todo lo que sucede en el emocionante mundo de las criptomonedas y la tecnología blockchain. Aquí encontrarás análisis profundos, noticias de última hora, guías para principiantes, estrategias de inversión, y las predicciones más relevantes sobre Bitcoin (BTC), Ethereum (ETH), altcoins y NFTs. Si quieres entender el mercado cripto, tomar decisiones informadas y no perderte ninguna oportunidad, ¡este es tu canal! Suscríbete y únete a nuestra comunidad de entusiastas.",4,144,BR,,,,,2025-12-24 04:50:03
UC_MGnPNerl3-wjfJN0zq9fA,crypto trading,,4,250,,,,,,2025-12-21 05:02:26
UCqc-Iu-U9tqYpjwMnbdu1EA,Byte‑Sized Bitcoin,"🎬 Byte-Sized Bitcoin — Learn Crypto in 60 Seconds!
Welcome to Byte-Sized Bitcoin, the ultimate YouTube channel for kids, teens, parents, and teachers who want to understand Bitcoin — fast.
We break down the world of crypto into fun, animated 60–90 second Shorts that explain:
- 🧠 What Bitcoin is and how it works
- 💡 Blockchain, wallets, mining, and security
- 🍕 Bitcoin history (yes, someone bought pizza with it!)
- 🌍 Why Bitcoin matters around the world
- 🔐 How to stay safe with digital money
Whether you're a curious student, a classroom educator, or a parent teaching financial literacy, Byte-Sized Bitcoin makes learning crypto easy, safe, and fun.
🎓 New videos every week
🎮 No jargon. No hype. Just clear, kid-friendly crypto education.
📲 Perfect for classrooms, homeschoolers, and future investors!
Subscribe now and start stacking knowledge — one byte at a time.
",3,2,US,,,,,2025-12-21 05:03:31
UCPGVSzAip7eW1QnnspJImlA,Ethereum World,"🚨 Welcome to the channel dedicated to everything about Ethereum! Here, you'll find the latest news, analysis, tutorials, and curiosities about the second-largest cryptocurrency in the world. We explore how Ethereum is shaping the future of decentralized finance, NFTs, smart contracts, and much more. 

✅ If you want to understand the potential of this innovative blockchain and how it can impact the global economy, subscribe and stay updated with our content!

#ethereum",1,104,,,,,,2025-12-24 04:48:26
UCwxD4QX0I2URmm1yKizTESw,Bitcoin Btc,bitcoin now 🔥,0,0,,,,,,2025-12-21 05:03:36
UCp9hReT8xBJTlarnz5gxZTg,The Bitcoin Mindset Official,"Your go-to source for clear, actionable insights into the world of cryptocurrency. We break down Bitcoin, Ethereum, altcoins, DeFi, NFTs, and blockchain technology so you can stay ahead of the curve. Whether you’re a beginner looking to understand the basics or a seasoned trader tracking market trends, you’ll find in-depth analysis, market updates, tutorials, and real-time news to help you make smarter crypto decisions. No hype, no noise—just honest, well-researched content you can trust.
#Bitcoin #cryptocurrency #Investing #Cryptonews
",0,0,US,,,,,2025-12-21 05:03:24
